## Gemeindeliste sortiert nach Gemeindekennziffer, Gebietsstand 2015;;;;;
## Erstellt am:;26.03.2015 14:02:39;;;;
## Gemeindekennziffer;Gemeindename;Gemeindecode;Status;PLZ des Gem.Amtes;weitere Postleitzahlen

10101;Eisenstadt;10101;SS;7000;
10201;Rust;10201;SS;7071;
10301;Breitenbrunn am Neusiedler See;10301;M;7091;
10302;Donnerskirchen;10302;M;7082;
10303;Großhöflein;10303;M;7051;
10304;Hornstein;10304;M;7053;2491
10305;Klingenbach;10305;;7013;
10306;Leithaprodersdorf;10306;;2443;
10307;Mörbisch am See;10307;;7072;
10308;Müllendorf;10308;;7052;
10309;Neufeld an der Leitha;10309;ST;2491;
10310;Oggau am Neusiedler See;10310;M;7063;
10311;Oslip;10311;;7064;
10312;Purbach am Neusiedler See;10312;ST;7083;
10313;Sankt Margarethen im Burgenland;10313;M;7062;
10314;Schützen am Gebirge;10314;;7081;
10315;Siegendorf;10315;M;7011;
10316;Steinbrunn;10316;M;7035;2491
10317;Trausdorf an der Wulka;10317;;7061;
10318;Wimpassing an der Leitha;10318;;2485;
10319;Wulkaprodersdorf;10319;M;7041;
10320;Loretto;10320;M;2443;
10321;Stotzing;10321;;2443;
10322;Zillingtal;10322;;7034;7033 7035
10323;Zagersdorf;10323;;7011;
10401;Bocksdorf;10401;;7551;
10402;Burgauberg-Neudauberg;10402;;8291;8292
10403;Eberau;10403;M;7521;7522
10404;Gerersdorf-Sulz;10404;;7542;7540
10405;Güssing;10405;ST;7540;7542
10406;Güttenbach;10406;M;7536;
10407;Heiligenbrunn;10407;;7522;
10408;Kukmirn;10408;M;7543;
10409;Neuberg im Burgenland;10409;;7537;
10410;Neustift bei Güssing;10410;;7540;
10411;Olbendorf;10411;;7534;
10412;Ollersdorf im Burgenland;10412;M;7533;8292
10413;Sankt Michael im Burgenland;10413;M;7535;
10414;Stegersbach;10414;M;7551;
10415;Stinatz;10415;M;7552;
10416;Strem;10416;M;7522;
10417;Tobaj;10417;;7544;
10418;Hackerberg;10418;;8292;
10419;Wörterberg;10419;;8293;
10420;Großmürbisch;10420;;7540;
10421;Inzenhof;10421;;7540;
10422;Kleinmürbisch;10422;;7540;
10423;Tschanigraben;10423;;7540;
10424;Heugraben;10424;;7551;
10425;Rohr im Burgenland;10425;;7551;
10426;Bildein;10426;;7521;
10427;Rauchwart;10427;;7535;
10428;Moschendorf;10428;;7540;
10501;Deutsch Kaltenbrunn;10501;M;7572;
10502;Eltendorf;10502;;7562;
10503;Heiligenkreuz im Lafnitztal;10503;M;7561;
10504;Jennersdorf;10504;ST;8380;8282
10505;Minihof-Liebau;10505;M;8384;
10506;Mogersdorf;10506;M;8382;
10507;Neuhaus am Klausenbach;10507;M;8385;8384
10508;Rudersdorf;10508;M;7571;7564
10509;Sankt Martin an der Raab;10509;M;8383;8350 8380 8384 8385
10510;Weichselbaum;10510;;8382;
10511;Königsdorf;10511;;7563;
10512;Mühlgraben;10512;;8385;
10601;Draßburg;10601;;7021;
10602;Forchtenstein;10602;;7212;
10603;Hirm;10603;;7024;
10604;Loipersbach im Burgenland;10604;;7020;
10605;Marz;10605;;7221;
10606;Mattersburg;10606;ST;7210;
10607;Neudörfl;10607;M;7201;
10608;Pöttelsdorf;10608;;7023;
10609;Pöttsching;10609;M;7033;7202
10610;Rohrbach bei Mattersburg;10610;M;7222;
10611;Bad Sauerbrunn;10611;;7202;
10612;Schattendorf;10612;M;7022;
10613;Sieggraben;10613;;7223;
10614;Sigleß;10614;;7032;
10615;Wiesen;10615;M;7203;7202
10616;Antau;10616;;7042;
10617;Baumgarten;10617;;7021;
10618;Zemendorf-Stöttera;10618;;7023;
10619;Krensdorf;10619;;7031;
10701;Andau;10701;M;7163;
10702;Apetlon;10702;M;7143;7132 7161
10703;Bruckneudorf;10703;;2460;2462
10704;Deutsch Jahrndorf;10704;;2423;
10705;Frauenkirchen;10705;ST;7132;
10706;Gattendorf;10706;;2474;
10707;Gols;10707;M;7122;
10708;Halbturn;10708;;7131;7123
10709;Illmitz;10709;M;7142;
10710;Jois;10710;M;7093;
10711;Kittsee;10711;M;2421;
10712;Mönchhof;10712;;7123;
10713;Neusiedl am See;10713;ST;7100;
10714;Nickelsdorf;10714;;2425;
10715;Pama;10715;;2422;
10716;Pamhagen;10716;;7152;
10717;Parndorf;10717;;7111;2471
10718;Podersdorf am See;10718;M;7141;
10719;Sankt Andrä am Zicksee;10719;M;7161;
10720;Tadten;10720;;7162;
10721;Wallern im Burgenland;10721;M;7151;
10722;Weiden am See;10722;M;7121;7100
10723;Winden am See;10723;;7092;
10724;Zurndorf;10724;M;2424;
10725;Neudorf;10725;;2475;
10726;Potzneusiedl;10726;;2473;
10727;Edelstal;10727;;2413;
10801;Deutschkreutz;10801;M;7301;
10802;Draßmarkt;10802;M;7372;7371
10803;Frankenau-Unterpullendorf;10803;;7361;7452
10804;Großwarasdorf;10804;;7304;
10805;Horitschon;10805;M;7312;
10806;Kaisersdorf;10806;;7342;
10807;Kobersdorf;10807;M;7332;7341
10808;Lackenbach;10808;M;7322;
10809;Lockenhaus;10809;M;7442;
10810;Lutzmannsburg;10810;M;7361;
10811;Mannersdorf an der Rabnitz;10811;;7444;7443
10812;Markt Sankt Martin;10812;M;7341;2812
10813;Neckenmarkt;10813;M;7311;
10814;Neutal;10814;;7343;
10815;Nikitsch;10815;;7302;7361
10816;Oberpullendorf;10816;ST;7350;7304
10817;Pilgersdorf;10817;;7441;
10818;Piringsdorf;10818;;7373;
10819;Raiding;10819;M;7321;
10820;Ritzing;10820;;7323;
10821;Steinberg-Dörfl;10821;M;7453;
10822;Stoob;10822;M;7344;
10823;Weppersdorf;10823;M;7331;
10824;Lackendorf;10824;;7321;
10825;Unterfrauenhaid;10825;M;7321;
10826;Unterrabnitz-Schwendgraben;10826;;7371;
10827;Weingraben;10827;;7374;
10828;Oberloisdorf;10828;;7451;
10901;Bad Tatzmannsdorf;10901;;7431;
10902;Bernstein;10902;M;7434;2852
10903;Deutsch Schützen-Eisenberg;10903;;7474;
10904;Grafenschachen;10904;;7423;
10905;Großpetersdorf;10905;M;7503;
10906;Hannersdorf;10906;;7473;7474
10907;Kemeten;10907;;7531;
10908;Kohfidisch;10908;M;7512;
10909;Litzelsdorf;10909;M;7532;
10910;Loipersdorf-Kitzladen;10910;;7411;
10911;Mariasdorf;10911;M;7433;
10912;Markt Allhau;10912;M;7411;
10913;Markt Neuhodis;10913;M;7464;
10914;Mischendorf;10914;;7511;
10915;Oberdorf im Burgenland;10915;;7501;
10916;Oberschützen;10916;;7432;2852 7400 7431
10917;Oberwart;10917;ST;7400;
10918;Pinkafeld;10918;ST;7423;
10919;Rechnitz;10919;M;7471;
10920;Riedlingsdorf;10920;M;7422;
10921;Rotenturm an der Pinka;10921;M;7501;
10922;Schachendorf;10922;;7472;7503
10923;Stadtschlaining;10923;ST;7461;7400
10924;Unterkohlstätten;10924;;7435;7434
10925;Unterwart;10925;;7501;
10926;Weiden bei Rechnitz;10926;;7463;7461 7503
10927;Wiesfleck;10927;;7423;
10928;Wolfau;10928;M;7412;
10929;Neustift an der Lafnitz;10929;M;7423;
10930;Jabing;10930;;7503;
10931;Badersdorf;10931;;7512;
10932;Schandorf;10932;;7472;
20101;Klagenfurt am Wörthersee;20101;SS;9020;9061 9063 9073 9201
20201;Villach;20201;SS;9500;9241 9504 9523 9524 9580 9585 9586 9587
20302;Dellach;20302;;9635;9640
20305;Hermagor-Pressegger See;20305;ST;9620;9615 9624 9631
20306;Kirchbach;20306;M;9632;9631 9633 9634
20307;Kötschach-Mauthen;20307;M;9640;9635 9651 9652
20316;St. Stefan im Gailtal;20316;;9623;9614 9615 9711
20320;Gitschtal;20320;;9622;9620
20321;Lesachtal;20321;;9653;9652 9654 9655
20402;Ebenthal in Kärnten;20402;M;9065;9020
20403;Feistritz im Rosental;20403;M;9181;9162
20405;Ferlach;20405;ST;9170;9162 9163
20409;Grafenstein;20409;M;9131;
20412;Keutschach am See;20412;;9074;
20414;Köttmannsdorf;20414;;9071;9073 9161
20415;Krumpendorf am Wörthersee;20415;;9201;9061 9210
20416;Ludmannsdorf;20416;;9072;9181
20417;Maria Rain;20417;;9161;
20418;Maria Saal;20418;M;9063;9020 9061 9064
20419;Maria Wörth;20419;;9081;9073 9082
20421;Moosburg;20421;M;9062;9061 9201 9210 9560
20424;Pörtschach am Wörther See;20424;;9210;9062 9201
20425;Poggersdorf;20425;;9130;
20428;St. Margareten im Rosental;20428;;9173;
20432;Schiefling am Wörthersee;20432;M;9535;9220
20435;Techelsberg am Wörther See;20435;;9212;9062 9220
20441;Zell;20441;;9170;9173
20442;Magdalensberg;20442;;9064;9020 9063
20501;Althofen;20501;ST;9330;9322
20502;Brückl;20502;M;9371;9064 9103
20503;Deutsch-Griffen;20503;;9572;9571
20504;Eberstein;20504;M;9372;9103 9371
20505;Friesach;20505;ST;9360;9361 9375
20506;Glödnitz;20506;;9346;9345
20508;Gurk;20508;M;9342;9341 9344
20509;Guttaring;20509;M;9334;9330 9360 9374 9375
20511;Hüttenberg;20511;M;9375;8820 8822 9335 9376
20512;Kappel am Krappfeld;20512;;9321;9314 9330 9334 9372 9373
20513;Klein St. Paul;20513;M;9373;9372 9374
20515;Liebenfels;20515;M;9556;9300 9554 9555
20518;Metnitz;20518;M;9363;8850 9362
20519;Micheldorf;20519;;9322;9360
20520;Mölbling;20520;;9330;9300 9312 9341
20523;St. Georgen am Längsee;20523;;9314;9300 9313 9321
20527;St. Veit an der Glan;20527;ST;9300;9063 9556
20530;Straßburg;20530;ST;9341;
20531;Weitensfeld im Gurktal;20531;M;9344;9343 9345
20534;Frauenstein;20534;;9311;9300 9300 9312 9556
20601;Bad Kleinkirchheim;20601;;9546;
20602;Baldramsdorf;20602;;9805;9800
20603;Berg im Drautal;20603;;9771;9761
20604;Dellach im Drautal;20604;;9772;
20605;Großkirchheim;20605;;9843;
20607;Flattach;20607;;9831;
20608;Gmünd in Kärnten;20608;ST;9853;
20609;Greifenburg;20609;M;9761;
20610;Heiligenblut am Großglockner;20610;;9844;9981
20611;Irschen;20611;;9773;9781
20613;Kleblach-Lind;20613;;9753;
20616;Lendorf;20616;;9811;9800
20618;Mallnitz;20618;;9822;
20619;Malta;20619;;9854;9853
20620;Millstatt am See;20620;M;9872;
20622;Mörtschach;20622;;9842;9841
20624;Mühldorf;20624;;9814;
20625;Oberdrauburg;20625;M;9781;
20627;Obervellach;20627;M;9821;
20630;Radenthein;20630;ST;9545;9546 9872 9873
20631;Rangersdorf;20631;;9833;9841
20632;Rennweg am Katschberg;20632;M;9863;9862
20633;Sachsenburg;20633;M;9751;9813
20634;Seeboden am Millstätter See;20634;M;9871;9800 9851 9872
20635;Spittal an der Drau;20635;ST;9800;9701 9702
20636;Stall;20636;;9832;
20637;Steinfeld;20637;M;9754;9753
20638;Trebesing;20638;;9852;9853
20639;Weißensee;20639;;9762;
20640;Winklern;20640;M;9841;9833
20642;Krems in Kärnten;20642;;9861;9862
20643;Lurnfeld;20643;M;9813;9811 9812 9814
20644;Reißeck;20644;;9815;9816
20701;Afritz am See;20701;;9542;
20702;Arnoldstein;20702;M;9601;9586 9587 9602
20703;Arriach;20703;;9543;
20705;Bad Bleiberg;20705;M;9530;9531
20707;Feistritz an der Gail;20707;;9613;
20708;Feld am See;20708;;9544;
20710;Ferndorf;20710;;9702;9701 9873
20711;Finkenstein am Faaker See;20711;M;9584;9580 9581 9582 9583 9585 9586 9587
20712;Fresach;20712;;9712;9702
20713;Hohenthurn;20713;;9613;9601 9602
20719;Nötsch im Gailtal;20719;M;9611;9531 9612 9623
20720;Paternion;20720;M;9711;9701 9710 9714
20721;Rosegg;20721;M;9232;9184 9581
20722;St. Jakob im Rosental;20722;M;9184;9182 9183
20723;Stockenboi;20723;;9713;9701 9711 9714
20724;Treffen am Ossiacher See;20724;M;9521;9520 9541 9542 9551
20725;Velden am Wörther See;20725;M;9220;9231 9536
20726;Weißenstein;20726;M;9721;9500 9710 9722
20727;Wernberg;20727;;9241;9220
20801;Bleiburg;20801;ST;9150;
20802;Diex;20802;;9103;9102 9111 9112
20803;Eberndorf;20803;M;9141;9125
20804;Eisenkappel-Vellach;20804;M;9135;
20805;Feistritz ob Bleiburg;20805;M;9143;9150
20806;Gallizien;20806;;9132;9123 9131 9133 9173
20807;Globasnitz;20807;;9142;9141 9143
20808;Griffen;20808;M;9112;9103 9104 9111 9113
20810;Neuhaus;20810;;9155;
20812;Ruden;20812;;9113;9111 9112
20813;St. Kanzian am Klopeiner See;20813;;9122;
20815;Sittersdorf;20815;;9133;
20817;Völkermarkt;20817;ST;9100;9064 9102 9103 9111 9112 9113 9121 9371
20901;Bad St. Leonhard im Lavanttal;20901;ST;9462;9441 9461 9463
20905;Frantschach-St. Gertraud;20905;M;9413;9400
20909;Lavamünd;20909;M;9473;9423 9472
20911;Preitenegg;20911;;9451;9441
20912;Reichenfels;20912;M;9463;9462
20913;St. Andrä;20913;ST;9433;9104 9112 9421 9422 9431 9470
20914;St. Georgen im Lavanttal;20914;;9423;9470
20918;St. Paul im Lavanttal;20918;M;9470;9112 9433 9472 9473
20923;Wolfsberg;20923;ST;9400;9411 9412 9413 9421 9431 9433 9441 9461 9462
21001;Albeck;21001;;9571;9345
21002;Feldkirchen in Kärnten;21002;ST;9560;9062
21003;Glanegg;21003;;9555;9556 9560
21004;Gnesau;21004;;9563;
21005;Himmelberg;21005;;9562;9552 9560 9563
21006;Ossiach;21006;;9570;9231 9560
21007;Reichenau;21007;;9565;9564
21008;St. Urban;21008;;9554;9556
21009;Steindorf am Ossiacher See;21009;;9551;9552 9560
21010;Steuerberg;21010;;9560;
30101;Krems an der Donau;30101;SS;3500;3506 3541
30201;St. Pölten;30201;SS;3100;3104 3105 3107 3140 3151 3385
30301;Waidhofen an der Ybbs;30301;SS;3340;3263
30401;Wiener Neustadt;30401;SS;2700;2751 2752
30501;Allhartsberg;30501;M;3365;
30502;Amstetten;30502;ST;3300;3311 3361 3362 3363
30503;Ardagger;30503;M;3321;3300
30504;Aschbach-Markt;30504;M;3361;
30506;Behamberg;30506;;4441;
30507;Biberbach;30507;;3353;3331 3332 3333 3361
30508;Ennsdorf;30508;;4482;
30509;Ernsthofen;30509;;4432;4300
30510;Ertl;30510;;3355;
30511;Euratsfeld;30511;M;3324;
30512;Ferschnitz;30512;M;3325;3372
30514;Haag;30514;ST;3350;
30515;Haidershofen;30515;;4431;
30516;Hollenstein an der Ybbs;30516;;3343;
30517;Kematen an der Ybbs;30517;M;3331;3361
30520;Neuhofen an der Ybbs;30520;M;3364;
30521;Neustadtl an der Donau;30521;M;3323;
30522;Oed-Oehling;30522;M;3362;3312 3361
30524;Opponitz;30524;;3342;3341
30526;St. Georgen am Reith;30526;;3344;
30527;St. Georgen am Ybbsfelde;30527;M;3304;
30529;St. Pantaleon-Erla;30529;;4303;
30530;St. Peter in der Au;30530;M;3352;3350 4442 4443
30531;St. Valentin;30531;ST;4300;3350 4482
30532;Seitenstetten;30532;M;3353;
30533;Sonntagberg;30533;M;3332;3331 3333 3340
30534;Strengberg;30534;M;3314;3354
30536;Viehdorf;30536;;3322;
30538;Wallsee-Sindelburg;30538;M;3313;
30539;Weistrach;30539;;3351;
30541;Winklarn;30541;;3300;3363
30542;Wolfsbach;30542;M;3354;3314
30543;Ybbsitz;30543;M;3341;3340
30544;Zeillern;30544;M;3311;3300 3312 3313 3321 3362
30601;Alland;30601;M;2534;2500 2532 2533 2565
30602;Altenmarkt an der Triesting;30602;M;2571;2564 2565 2572
30603;Bad Vöslau;30603;ST;2540;
30604;Baden;30604;ST;2500;
30605;Berndorf;30605;ST;2560;
30607;Ebreichsdorf;30607;ST;2483;2442
30608;Enzesfeld-Lindabrunn;30608;M;2551;2544 2552
30609;Furth an der Triesting;30609;;2564;
30612;Günselsdorf;30612;M;2525;
30613;Heiligenkreuz;30613;;2532;2500 2534
30614;Hernstein;30614;M;2560;
30615;Hirtenberg;30615;M;2552;
30616;Klausen-Leopoldsdorf;30616;;2533;3033 3053
30618;Kottingbrunn;30618;M;2542;2540 2544
30620;Leobersdorf;30620;M;2544;
30621;Mitterndorf an der Fischa;30621;;2441;2440
30623;Oberwaltersdorf;30623;M;2522;
30625;Pfaffstätten;30625;M;2511;
30626;Pottendorf;30626;M;2486;2485
30627;Pottenstein;30627;M;2563;2564
30629;Reisenberg;30629;M;2440;2452
30631;Schönau an der Triesting;30631;;2525;2544 2602
30633;Seibersdorf;30633;M;2443;2444
30635;Sooß;30635;M;2504;
30636;Tattendorf;30636;;2523;
30637;Teesdorf;30637;M;2524;
30639;Traiskirchen;30639;ST;2514;2512
30641;Trumau;30641;M;2521;
30645;Weissenbach an der Triesting;30645;M;2564;2565 2571
30646;Blumau-Neurißhof;30646;;2602;
30701;Au am Leithaberge;30701;M;2451;
30702;Bad Deutsch-Altenburg;30702;M;2405;
30703;Berg;30703;;2413;
30704;Bruck an der Leitha;30704;ST;2460;2462
30706;Enzersdorf an der Fischa;30706;M;2431;2433
30708;Göttlesbrunn-Arbesthal;30708;;2464;
30709;Götzendorf an der Leitha;30709;M;2434;2435
30710;Hainburg a.d. Donau;30710;ST;2410;
30711;Haslau-Maria Ellend;30711;;2402;
30712;Höflein;30712;;2465;
30713;Hof am Leithaberge;30713;M;2451;
30715;Hundsheim;30715;;2405;
30716;Mannersdorf am Leithagebirge;30716;ST;2452;2434
30718;Petronell-Carnuntum;30718;M;2404;
30719;Prellenkirchen;30719;M;2472;2471 2473
30721;Rohrau;30721;M;2471;
30722;Scharndorf;30722;;2403;
30724;Sommerein;30724;M;2453;2434
30726;Trautmannsdorf an der Leitha;30726;M;2454;2463
30728;Wolfsthal;30728;;2412;
30801;Aderklaa;30801;;2232;
30802;Andlersdorf;30802;;2301;
30803;Angern an der March;30803;M;2261;2252 2262
30804;Auersthal;30804;M;2214;
30805;Bad Pirawarth;30805;M;2222;
30808;Deutsch-Wagram;30808;ST;2232;
30810;Drösing;30810;M;2265;
30811;Dürnkrut;30811;M;2263;
30812;Ebenthal;30812;M;2251;
30813;Eckartsau;30813;M;2305;2304
30814;Engelhartstetten;30814;M;2292;2294
30817;Gänserndorf;30817;ST;2230;
30819;Glinzendorf;30819;;2282;
30821;Groß-Enzersdorf;30821;ST;2301;
30822;Großhofen;30822;;2282;
30824;Groß-Schweinbarth;30824;M;2221;
30825;Haringsee;30825;;2286;
30826;Hauskirchen;30826;;2184;2185
30827;Hohenau an der March;30827;M;2273;
30828;Hohenruppersdorf;30828;M;2223;
30829;Jedenspeigen;30829;M;2264;
30830;Lassee;30830;M;2291;2293
30831;Leopoldsdorf im Marchfelde;30831;M;2285;
30834;Mannsdorf an der Donau;30834;;2304;
30835;Marchegg;30835;ST;2293;2294
30836;Markgrafneusiedl;30836;;2282;
30838;Matzen-Raggendorf;30838;M;2243;2215 2223
30841;Neusiedl an der Zaya;30841;M;2183;
30842;Obersiebenbrunn;30842;M;2283;
30844;Orth an der Donau;30844;M;2304;
30845;Palterndorf-Dobermannsdorf;30845;M;2181;2182
30846;Parbasdorf;30846;;2232;
30848;Prottes;30848;M;2242;
30849;Raasdorf;30849;;2281;
30850;Ringelsdorf-Niederabsdorf;30850;M;2272;
30852;Schönkirchen-Reyersdorf;30852;M;2241;
30854;Spannberg;30854;M;2244;
30856;Strasshof an der Nordbahn;30856;M;2231;
30857;Sulz im Weinviertel;30857;M;2224;
30858;Untersiebenbrunn;30858;;2284;
30859;Velm-Götzendorf;30859;;2245;
30860;Weikendorf;30860;M;2253;
30863;Zistersdorf;30863;ST;2225;
30865;Weiden an der March;30865;;2295;
30902;Amaliendorf-Aalfang;30902;M;3872;3860
30903;Brand-Nagelberg;30903;M;3871;3873
30904;Eggern;30904;M;3861;3860
30906;Eisgarn;30906;M;3862;
30908;Gmünd;30908;ST;3950;3871
30909;Großdietmanns;30909;M;3950;3961 3962
30910;Bad Großpertholz;30910;M;3972;3922 3973
30912;Großschönau;30912;M;3922;3923
30913;Moorbad Harbach;30913;;3970;3971
30915;Haugschlag;30915;;3874;
30916;Heidenreichstein;30916;ST;3860;3834 3873
30917;Hirschbach;30917;M;3942;
30920;Hoheneich;30920;M;3945;
30921;Kirchberg am Walde;30921;M;3932;
30925;Litschau;30925;ST;3874;3873
30929;Reingers;30929;;3863;3874
30932;St. Martin;30932;M;3971;3970 3972
30935;Schrems;30935;ST;3943;3872 3944
30939;Unserfrau-Altweitra;30939;;3970;3962
30940;Waldenstein;30940;;3961;3945
30942;Weitra;30942;ST;3970;
31001;Alberndorf im Pulkautal;31001;;2054;
31008;Göllersdorf;31008;M;2013;
31009;Grabern;31009;M;2020;2042
31014;Guntersdorf;31014;M;2042;
31015;Hadres;31015;M;2061;
31016;Hardegg;31016;ST;2083;2081 2082 2092
31018;Haugsdorf;31018;M;2054;2053
31019;Heldenberg;31019;;3704;3701 3710
31021;Hohenwarth-Mühlbach a.M.;31021;M;3472;3473 3711
31022;Hollabrunn;31022;ST;2020;2014 2031 2032
31025;Mailberg;31025;M;2024;
31026;Maissau;31026;ST;3712;3713 3721
31028;Nappersdorf-Kammersdorf;31028;M;2033;2023
31033;Pernersdorf;31033;M;2052;2053
31035;Pulkau;31035;ST;3741;3742
31036;Ravelsbach;31036;M;3720;
31037;Retz;31037;ST;2070;2074 2081
31038;Retzbach;31038;;2074;2070
31041;Schrattenthal;31041;ST;2073;
31042;Seefeld-Kadolz;31042;M;2062;
31043;Sitzendorf an der Schmida;31043;M;3714;3710 3721
31051;Wullersdorf;31051;M;2041;2022 2023 2042
31052;Zellerndorf;31052;M;2051;2073
31053;Ziersdorf;31053;M;3710;3711
31101;Altenburg;31101;;3591;
31102;Brunn an der Wild;31102;;3595;
31103;Burgschleinitz-Kühnring;31103;M;3730;3713
31104;Drosendorf-Zissersdorf;31104;ST;2095;2094
31105;Eggenburg;31105;ST;3730;
31106;Gars am Kamp;31106;M;3571;3573
31107;Geras;31107;ST;2093;2094 3752 3753
31109;Horn;31109;ST;3580;3751
31110;Irnfritz-Messern;31110;M;3754;3761
31111;Japons;31111;M;3763;3814
31113;Langau;31113;M;2091;
31114;Meiseldorf;31114;;3744;3730 3751
31117;Pernegg;31117;M;3753;
31119;Röhrenbach;31119;;3592;3593
31120;Röschitz;31120;M;3743;3730
31121;Rosenburg-Mold;31121;;3573;3571 3580 3744
31123;St. Bernhard-Frauenhofen;31123;;3580;3761
31124;Sigmundsherberg;31124;M;3751;3742 3752
31129;Weitersfeld;31129;M;2084;2081 2091 3742 3752
31130;Straning-Grafenberg;31130;M;3722;3730
31201;Bisamberg;31201;M;2102;2100
31202;Enzersfeld im Weinviertel;31202;M;2202;
31203;Ernstbrunn;31203;M;2115;2113 2116
31204;Großmugl;31204;M;2002;2032
31205;Großrußbach;31205;M;2114;2113
31206;Hagenbrunn;31206;M;2102;2201 2202
31207;Harmannsdorf;31207;M;2111;2112
31208;Hausleiten;31208;M;3464;2000
31213;Korneuburg;31213;ST;2100;
31214;Langenzersdorf;31214;M;2103;1210 2100 2102
31215;Leitzersdorf;31215;;2003;2011 2105
31216;Leobendorf;31216;M;2100;2105 2111
31224;Rußbach;31224;;3702;
31226;Sierndorf;31226;M;2011;2000
31227;Spillern;31227;M;2104;
31228;Stetteldorf am Wagram;31228;M;3463;3430 3464 3701
31229;Stetten;31229;;2100;
31230;Stockerau;31230;ST;2000;2003
31234;Niederhollabrunn;31234;M;2004;2003
31301;Aggsbach;31301;M;3641;3643
31302;Albrechtsberg an der Großen Krems;31302;M;3613;
31303;Bergern im Dunkelsteinerwald;31303;;3512;3122 3642
31304;Dürnstein;31304;ST;3601;
31308;Grafenegg;31308;M;3492;3485
31309;Furth bei Göttweig;31309;M;3511;
31310;Gedersdorf;31310;;3494;3485
31311;Gföhl;31311;ST;3542;3521 3553
31315;Hadersdorf-Kammern;31315;M;3493;
31319;Jaidhof;31319;;3542;3532 3543 3553 3572
31321;Krumau am Kamp;31321;M;3543;3544
31322;Langenlois;31322;ST;3550;3553 3561
31323;Lengenfeld;31323;M;3552;
31324;Lichtenau im Waldviertel;31324;M;3522;3524 3542 3613
31326;Maria Laach am Jauerling;31326;M;3643;3620
31327;Mautern an der Donau;31327;ST;3512;
31330;Mühldorf;31330;M;3622;
31333;Paudorf;31333;M;3508;
31336;Rastenfeld;31336;M;3532;3543
31337;Rohrendorf bei Krems;31337;;3495;
31338;Rossatz-Arnsdorf;31338;M;3602;3621
31340;St. Leonhard am Hornerwald;31340;M;3572;3571
31343;Senftenberg;31343;M;3541;3500
31344;Spitz;31344;M;3620;
31346;Straß im Straßertale;31346;M;3491;
31347;Stratzing;31347;M;3552;3500
31350;Weinzierl am Walde;31350;;3521;3541 3610 3611 3613
31351;Weißenkirchen in der Wachau;31351;M;3610;3611
31355;Schönberg am Kamp;31355;M;3562;3564
31356;Droß;31356;;3552;3541
31401;Annaberg;31401;;3222;3223
31402;Eschenau;31402;;3153;
31403;Hainfeld;31403;ST;3170;2572
31404;Hohenberg;31404;M;3192;3183
31405;Kaumberg;31405;M;2572;
31406;Kleinzell;31406;;3171;2663 3163 3192
31407;Lilienfeld;31407;ST;3180;
31408;Mitterbach am Erlaufsee;31408;;3224;3223
31409;Ramsau;31409;;3172;3170
31410;Rohrbach an der Gölsen;31410;;3163;
31411;St. Aegyd am Neuwalde;31411;M;3193;3195 3222 8630 8694
31412;St. Veit an der Gölsen;31412;M;3161;3150 3160 3162 3163
31413;Traisen;31413;M;3160;
31414;Türnitz;31414;M;3184;3180 3183
31502;Artstetten-Pöbring;31502;M;3661;3652
31503;Bergland;31503;;3254;
31504;Bischofstetten;31504;M;3232;3233
31505;Blindenmarkt;31505;M;3372;
31506;Dorfstetten;31506;;4392;
31507;Dunkelsteinerwald;31507;M;3392;3122 3382 3642
31508;Erlauf;31508;M;3253;3380 3381
31509;Golling an der Erlauf;31509;M;3381;
31511;Hofamt Priel;31511;;3681;
31513;Hürm;31513;M;3383;3382
31514;Kilb;31514;M;3233;3203 3240
31515;Kirnberg an der Mank;31515;;3241;3240 3243
31516;Klein-Pöchlarn;31516;M;3660;3652
31517;Krummnußbaum;31517;M;3375;3374
31519;Leiben;31519;M;3652;
31520;Loosdorf;31520;M;3382;
31521;Mank;31521;ST;3240;3233
31522;Marbach an der Donau;31522;M;3671;3672
31523;Maria Taferl;31523;M;3672;3661
31524;Melk;31524;ST;3390;
31525;Münichreith-Laimbach;31525;;3662;3650 3661 3663
31527;Neumarkt an der Ybbs;31527;M;3371;3370 3373
31528;Nöchling;31528;M;3691;
31530;Persenbeug-Gottsdorf;31530;M;3680;
31531;Petzenkirchen;31531;M;3252;
31533;Pöchlarn;31533;ST;3380;3253
31534;Pöggstall;31534;M;3650;3653 3663
31535;Raxendorf;31535;M;3654;3650 3653
31537;Ruprechtshofen;31537;M;3244;3243 3252
31539;St. Leonhard am Forst;31539;M;3243;3240 3241
31540;St. Martin-Karlsbach;31540;M;3376;
31541;St. Oswald;31541;;3684;3680 3683
31542;Schönbühel-Aggsbach;31542;M;3642;3392
31543;Schollach;31543;;3382;3390
31546;Weiten;31546;M;3653;
31549;Ybbs an der Donau;31549;ST;3370;3374
31550;Zelking-Matzleinsdorf;31550;;3393;3244 3253 3390
31551;Texingtal;31551;;3242;3241
31552;Yspertal;31552;M;3683;
31553;Emmersdorf an der Donau;31553;M;3644;3652 3653
31601;Altlichtenwarth;31601;;2144;
31603;Asparn an der Zaya;31603;M;2151;
31604;Bernhardsthal;31604;M;2275;2276
31605;Bockfließ;31605;M;2213;2231
31606;Drasenhofen;31606;;2165;
31608;Falkenstein;31608;M;2162;
31609;Fallbach;31609;;2133;
31611;Gaubitsch;31611;;2154;
31612;Gaweinstal;31612;M;2191;2223
31613;Gnadendorf;31613;;2152;2032
31614;Großebersdorf;31614;M;2203;
31615;Großengersdorf;31615;M;2212;
31616;Großharras;31616;M;2034;2063
31617;Großkrut;31617;M;2143;
31620;Hausbrunn;31620;M;2145;
31621;Herrnbaumgarten;31621;M;2171;
31622;Hochleithen;31622;;2123;2125
31627;Kreuttal;31627;;2123;2112 2114
31628;Kreuzstetten;31628;M;2124;2125
31629;Laa an der Thaya;31629;ST;2136;2064 2133 2135
31630;Ladendorf;31630;M;2126;2125
31633;Mistelbach;31633;ST;2130;2132 2192
31634;Neudorf bei Staatz;31634;M;2135;2136
31636;Niederleis;31636;;2116;2115
31642;Pillichsdorf;31642;M;2211;
31644;Poysdorf;31644;ST;2170;2135 2141 2161 2193
31645;Rabensburg;31645;M;2274;
31646;Schrattenberg;31646;;2172;
31649;Staatz;31649;M;2134;2141
31650;Stronsdorf;31650;M;2153;
31651;Ulrichskirchen-Schleinbach;31651;M;2122;2123
31652;Unterstinkenbrunn;31652;;2154;
31653;Wildendürnbach;31653;;2164;2163
31654;Wilfersdorf;31654;M;2193;2185
31655;Wolkersdorf im Weinviertel;31655;ST;2120;2122
31658;Ottenthal;31658;;2163;
31701;Achau;31701;;2481;
31702;Biedermannsdorf;31702;M;2362;2351
31703;Breitenfurt bei Wien;31703;M;2384;
31704;Brunn am Gebirge;31704;M;2345;2344
31706;Gaaden;31706;;2531;
31707;Gießhübl;31707;;2372;
31709;Gumpoldskirchen;31709;M;2352;2353
31710;Guntramsdorf;31710;M;2353;
31711;Hennersdorf;31711;;2332;
31712;Hinterbrühl;31712;M;2371;2393
31713;Kaltenleutgeben;31713;M;2391;2393
31714;Laab im Walde;31714;;2381;
31715;Laxenburg;31715;M;2361;2351
31716;Maria Enzersdorf;31716;M;2344;
31717;Mödling;31717;ST;2340;
31718;Münchendorf;31718;;2482;
31719;Perchtoldsdorf;31719;M;2380;1230 2345
31723;Vösendorf;31723;M;2331;2334
31725;Wiener Neudorf;31725;M;2351;
31726;Wienerwald;31726;;2392;2393
31801;Altendorf;31801;;2632;2640
31802;Aspang-Markt;31802;M;2870;
31803;Aspangberg-St. Peter;31803;;2870;2872 2873
31804;Breitenau;31804;;2624;
31805;Breitenstein;31805;;2673;2641 2651
31806;Buchbach;31806;;2630;2640
31807;Edlitz;31807;M;2842;2840
31808;Enzenreith;31808;;2640;2632
31809;Feistritz am Wechsel;31809;;2873;2870 2880
31810;Gloggnitz;31810;ST;2640;2671
31811;Grafenbach-St. Valentin;31811;M;2632;2620 2630
31812;Grimmenstein;31812;M;2840;2831
31813;Grünbach am Schneeberg;31813;M;2733;
31814;Kirchberg am Wechsel;31814;M;2880;2640 2870 2881
31815;Mönichkirchen;31815;M;2872;7421
31817;Natschbach-Loipersbach;31817;;2620;
31818;Neunkirchen;31818;ST;2620;
31820;Otterthal;31820;;2880;
31821;Payerbach;31821;M;2650;2640 2671 2673
31823;Pitten;31823;M;2823;2822
31825;Prigglitz;31825;;2640;2630
31826;Puchberg am Schneeberg;31826;M;2734;2733 2761
31827;Raach am Hochgebirge;31827;;2640;
31829;Reichenau an der Rax;31829;M;2651;
31830;St. Corona am Wechsel;31830;;2880;2870
31831;St. Egyden am Steinfeld;31831;;2731;2624
31832;Scheiblingkirchen-Thernberg;31832;M;2831;2813 2832 2833
31833;Schottwien;31833;M;2641;
31834;Schrattenbach;31834;;2733;
31835;Schwarzau am Steinfeld;31835;;2625;2822
31836;Schwarzau im Gebirge;31836;M;2662;2661
31837;Seebenstein;31837;;2824;2831
31838;Semmering;31838;;2680;2673
31839;Ternitz;31839;ST;2630;2620 2631 2632 2732 2733 2734
31840;Thomasberg;31840;;2842;2813 2840 2851 2870
31841;Trattenbach;31841;;2881;
31842;Bürg-Vöstenhof;31842;;2630;
31843;Warth;31843;M;2831;2840 2880
31844;Wartmannstetten;31844;M;2620;
31845;Willendorf;31845;;2732;2731
31846;Wimpassing im Schwarzatale;31846;M;2632;
31847;Würflach;31847;;2732;
31848;Zöbern;31848;;2871;2851 2852 2870 8244
31849;Höflein an der Hohen Wand;31849;;2732;2724 2733
31901;Altlengbach;31901;M;3033;3032 3051 3052 3053
31902;Asperhofen;31902;M;3041;3034 3443 3451
31903;Böheimkirchen;31903;M;3071;3072 3140
31904;Brand-Laaben;31904;;3053;3052 3073
31905;Eichgraben;31905;M;3032;
31906;Frankenfels;31906;M;3213;3212 3214
31907;Gerersdorf;31907;;3385;
31909;Hofstetten-Grünau;31909;M;3202;3150 3203 3233
31910;Hafnerbach;31910;M;3386;
31911;Haunoldstein;31911;;3384;
31912;Herzogenburg;31912;ST;3130;3454
31913;Inzersdorf-Getzersdorf;31913;;3131;
31915;Kapelln;31915;M;3141;
31916;Karlstetten;31916;M;3121;
31917;Kasten bei Böheimkirchen;31917;;3072;3071 3074 3144
31918;Kirchberg an der Pielach;31918;M;3204;
31919;Kirchstetten;31919;M;3062;3061
31920;Loich;31920;;3211;3204
31921;Maria-Anzbach;31921;M;3034;3032 3033 3040
31922;Markersdorf-Haindorf;31922;M;3385;3384
31923;Michelbach;31923;M;3074;3073
31925;Neidling;31925;M;3110;
31926;Neulengbach;31926;ST;3040;3034 3051 3061 3072
31927;Neustift-Innermanzing;31927;;3052;3033 3051 3073
31928;Nußdorf ob der Traisen;31928;M;3134;
31929;Ober-Grafendorf;31929;M;3200;
31930;Obritzberg-Rust;31930;M;3123;
31932;Prinzersdorf;31932;M;3385;
31934;Pyhra;31934;M;3143;3071 3104 3144
31935;Rabenstein an der Pielach;31935;M;3203;
31938;St. Margarethen an der Sierning;31938;;3231;
31939;Schwarzenbach an der Pielach;31939;;3212;
31940;Statzendorf;31940;;3125;
31941;Stössing;31941;;3073;3053 3072 3074
31943;Traismauer;31943;ST;3133;
31945;Weinburg;31945;;3205;
31946;Perschling;31946;;3142;
31947;Wilhelmsburg;31947;ST;3150;
31948;Wölbling;31948;M;3124;3122 3125
32001;Gaming;32001;M;3292;3223 3264 3291 3293 3294 3295 8924
32002;Göstling an der Ybbs;32002;M;3345;
32003;Gresten;32003;M;3264;
32004;Gresten-Land;32004;;3264;3341
32005;Lunz am See;32005;M;3293;3294
32006;Oberndorf an der Melk;32006;M;3281;3241 3242
32007;Puchenstuben;32007;;3214;3221 3223
32008;Purgstall an der Erlauf;32008;M;3251;
32009;Randegg;32009;M;3263;3264 3340 3364
32010;Reinsberg;32010;;3264;
32011;St. Anton an der Jeßnitz;32011;;3283;3213 3214 3242 3270 3282 3292
32012;St. Georgen an der Leys;32012;;3282;3242
32013;Scheibbs;32013;ST;3270;3283
32014;Steinakirchen am Forst;32014;M;3261;3325 3371
32015;Wang;32015;M;3262;3325
32016;Wieselburg;32016;ST;3250;
32017;Wieselburg-Land;32017;;3250;3251 3252 3281 3371 3373
32018;Wolfpassing;32018;;3261;3371
32101;Absdorf;32101;M;3462;
32104;Atzenbrugg;32104;M;3452;
32106;Fels am Wagram;32106;M;3481;3482
32107;Grafenwörth;32107;M;3484;3483
32109;Großriedenthal;32109;;3471;3470
32110;Großweikersdorf;32110;M;3701;
32112;Judenau-Baumgarten;32112;M;3441;
32114;Kirchberg am Wagram;32114;M;3470;3465 3474
32115;Königsbrunn am Wagram;32115;M;3465;3462 3701
32116;Königstetten;32116;M;3433;
32119;Langenrohr;32119;M;3442;3435 3435
32120;Michelhausen;32120;M;3451;3441 3452
32131;Sieghartskirchen;32131;M;3443;3004 3434 3441 3451
32132;Sitzenberg-Reidling;32132;;3454;
32134;Tulbing;32134;M;3434;3001 3430
32135;Tulln an der Donau;32135;ST;3430;3425
32139;Würmla;32139;M;3042;3452
32140;Zeiselmauer-Wolfpassing;32140;;3424;
32141;Zwentendorf an der Donau;32141;M;3435;3454
32142;St. Andrä-Wördern;32142;M;3423;3413 3422
32143;Muckendorf-Wipfing;32143;;3426;
32202;Dietmanns;32202;M;3813;
32203;Dobersberg;32203;M;3843;3844 3851
32206;Gastern;32206;M;3852;3842
32207;Groß-Siegharts;32207;ST;3812;
32209;Karlstein an der Thaya;32209;M;3822;
32210;Kautzen;32210;M;3851;3852
32212;Ludweis-Aigen;32212;M;3762;3814
32214;Pfaffenschlag bei Waidhofen a.d.Thaya;32214;;3834;
32216;Raabs an der Thaya;32216;ST;3820;2094 2095 3823 3824
32217;Thaya;32217;M;3842;3830 3843
32219;Vitis;32219;M;3902;3932
32220;Waidhofen an der Thaya;32220;ST;3830;
32221;Waidhofen an der Thaya-Land;32221;;3830;3902
32222;Waldkirchen an der Thaya;32222;M;3844;
32223;Windigsteig;32223;M;3841;3900
32301;Bad Fischau-Brunn;32301;M;2721;2700 2752
32302;Bad Schönau;32302;;2853;
32304;Ebenfurth;32304;ST;2490;2601 2603
32305;Eggendorf;32305;;2492;2493 2601 2604
32306;Bad Erlach;32306;M;2822;2823 2833
32307;Felixdorf;32307;M;2603;
32308;Gutenstein;32308;M;2770;
32309;Hochneukirchen-Gschaidt;32309;M;2852;
32310;Hochwolkersdorf;32310;;2802;
32311;Hohe Wand;32311;;2724;2722 2723
32312;Hollenthon;32312;;2812;2813 2833
32313;Katzelsdorf;32313;;2801;2700
32314;Kirchschlag in der Buckligen Welt;32314;ST;2860;2812 2851 2853
32315;Krumbach;32315;M;2851;2852 2853 2871
32316;Lanzenkirchen;32316;M;2821;2700 2822 7212
32317;Lichtenegg;32317;;2813;2812 2842 2851
32318;Lichtenwörth;32318;M;2493;2700 7202
32319;Markt Piesting;32319;M;2753;2721
32320;Matzendorf-Hölles;32320;;2751;2603
32321;Miesenbach;32321;;2761;
32322;Muggendorf;32322;;2763;
32323;Pernitz;32323;M;2763;2761
32324;Rohr im Gebirge;32324;;2663;
32325;Bromberg;32325;M;2833;2802 2811 2813 2822
32326;Schwarzenbach;32326;M;2803;2802
32327;Sollenau;32327;M;2601;2602
32330;Theresienfeld;32330;M;2604;
32331;Waidmannsfeld;32331;;2763;2761
32332;Waldegg;32332;M;2754;2724 2753 2755 2761
32333;Walpersbach;32333;;2822;2802 2821
32334;Weikersdorf am Steinfelde;32334;;2722;2700
32335;Wiesmath;32335;M;2811;2803
32336;Winzendorf-Muthmannsdorf;32336;M;2722;2723 2731
32337;Wöllersdorf-Steinabrückl;32337;M;2752;2751
32338;Zillingdorf;32338;M;2492;2491
32401;Ebergassing;32401;;2435;
32402;Fischamend;32402;ST;2401;
32403;Gablitz;32403;M;3003;
32404;Gerasdorf bei Wien;32404;ST;2201;
32405;Gramatneusiedl;32405;M;2440;2441
32406;Himberg;32406;M;2325;
32407;Klein-Neusiedl;32407;;2431;
32408;Klosterneuburg;32408;ST;3400;1140 1170 1190 3413 3420 3421
32409;Lanzendorf;32409;;2326;
32410;Leopoldsdorf;32410;M;2333;
32411;Maria-Lanzendorf;32411;;2326;
32412;Mauerbach;32412;M;3001;1140 3400
32413;Moosbrunn;32413;;2440;2441
32415;Pressbaum;32415;ST;3021;2533 3012 3013 3031 3032 3033 3443
32416;Purkersdorf;32416;ST;3002;1140 3011 3012
32417;Rauchenwarth;32417;;2320;
32418;Schwadorf;32418;M;2432;
32419;Schwechat;32419;ST;2320;1300
32421;Tullnerbach;32421;M;3013;3004 3011 3021 3443
32423;Wolfsgraben;32423;;3012;2381 3021
32424;Zwölfaxing;32424;;2322;
32501;Allentsteig;32501;ST;3804;
32502;Arbesbach;32502;M;3925;3920
32503;Bärnkopf;32503;;3665;3633
32504;Echsenbach;32504;M;3903;3804 3900 3902
32505;Göpfritz an der Wild;32505;M;3800;3811
32506;Grafenschlag;32506;M;3912;
32508;Groß Gerungs;32508;ST;3920;3921 3924
32509;Großgöttfritz;32509;M;3913;3910
32511;Gutenbrunn;32511;M;3665;
32514;Kirchschlag;32514;M;3631;3664
32515;Kottes-Purk;32515;M;3623;3622
32516;Langschlag;32516;M;3921;3973
32517;Martinsberg;32517;M;3664;3665
32518;Ottenschlag;32518;M;3631;
32519;Altmelon;32519;M;3925;3633 4372
32520;Pölla;32520;M;3593;3594
32521;Rappottenstein;32521;M;3911;3920
32522;Sallingberg;32522;M;3525;3524 3631 3914
32523;Schönbach;32523;M;3633;3632
32524;Schwarzenau;32524;M;3900;
32525;Schweiggers;32525;M;3931;3922 3923 3932
32528;Bad Traunstein;32528;M;3632;
32529;Waldhausen;32529;M;3914;3531
32530;Zwettl-Niederösterreich;32530;ST;3910;3532 3533 3911 3923 3924 3931 3932
40101;Linz;40101;SS;4020;4030 4040 4052
40201;Steyr;40201;SS;4400;4407
40301;Wels;40301;SS;4600;
40401;Altheim;40401;ST;4950;
40402;Aspach;40402;M;5252;4931 4932 4933 5251
40403;Auerbach;40403;;5224;
40404;Braunau am Inn;40404;ST;5280;5282
40405;Burgkirchen;40405;;5274;4963 5145 5261 5270 5280 5282
40406;Eggelsberg;40406;M;5142;
40407;Feldkirchen bei Mattighofen;40407;;5143;5142
40408;Franking;40408;;5131;
40409;Geretsberg;40409;;5132;5121 5131 5133
40410;Gilgenberg am Weilhart;40410;;5133;
40411;Haigermoos;40411;;5120;5121 5131
40412;Handenberg;40412;;5144;5134
40413;Helpfau-Uttendorf;40413;M;5261;5241 5270 5271
40414;Hochburg-Ach;40414;;5122;
40415;Höhnhart;40415;;5251;5241 5252 5272
40416;Jeging;40416;;5225;
40417;Kirchberg bei Mattighofen;40417;;5232;
40418;Lengau;40418;;5211;5212
40419;Lochen am See;40419;;5221;5222
40420;Maria Schmolln;40420;;5241;5242 5261
40421;Mattighofen;40421;ST;5230;
40422;Mauerkirchen;40422;M;5270;
40423;Mining;40423;;4962;
40424;Moosbach;40424;;5271;4952 5270 5272
40425;Moosdorf;40425;;5141;
40426;Munderfing;40426;;5222;
40427;Neukirchen an der Enknach;40427;;5145;5134 5280 5282
40428;Ostermiething;40428;M;5121;5120
40429;Palting;40429;;5163;
40430;Perwang am Grabensee;40430;;5166;
40431;Pfaffstätt;40431;;5223;
40432;Pischelsdorf am Engelbach;40432;;5233;
40433;Polling im Innkreis;40433;;4951;4943
40434;Roßbach;40434;;5273;5272
40435;St. Georgen am Fillmannsbach;40435;;5144;
40436;St. Johann am Walde;40436;;5242;5241 5251
40437;St. Pantaleon;40437;;5120;5121
40438;St. Peter am Hart;40438;;4963;4962 5274 5280
40439;St. Radegund;40439;;5121;5122
40440;St. Veit im Innkreis;40440;;5273;
40441;Schalchen;40441;;5231;5222 5261
40442;Schwand im Innkreis;40442;;5134;
40443;Tarsdorf;40443;;5121;
40444;Treubach;40444;;5272;
40445;Überackern;40445;;5122;5134
40446;Weng im Innkreis;40446;;4952;4950 4961
40501;Alkoven;40501;;4072;
40502;Aschach an der Donau;40502;M;4082;
40503;Eferding;40503;ST;4070;
40504;Fraham;40504;;4070;4075 4612
40505;Haibach ob der Donau;40505;;4083;
40506;Hartkirchen;40506;;4081;4070 4074
40507;Hinzenbach;40507;;4070;
40508;Prambachkirchen;40508;M;4731;4070 4074 4730 4732
40509;Pupping;40509;;4070;4081
40510;St. Marienkirchen an der Polsenz;40510;M;4076;4732
40511;Scharten;40511;;4612;
40512;Stroheim;40512;;4074;4070 4081 4730 4731
40601;Freistadt;40601;ST;4240;
40602;Grünbach;40602;;4264;4261
40603;Gutau;40603;M;4293;4230 4292 4294
40604;Hagenberg im Mühlkreis;40604;M;4232;4230
40605;Hirschbach im Mühlkreis;40605;;4242;4192 4193
40606;Kaltenberg;40606;;4273;
40607;Kefermarkt;40607;M;4292;4212 4240 4291
40608;Königswiesen;40608;M;4280;4281 4282
40609;Lasberg;40609;M;4291;4240 4264 4271 4292
40610;Leopoldschlag;40610;M;4262;
40611;Liebenau;40611;M;4252;3925
40612;Neumarkt im Mühlkreis;40612;M;4212;4211
40613;Pierbach;40613;;4282;4274 4281
40614;Pregarten;40614;ST;4230;4224 4292
40615;Rainbach im Mühlkreis;40615;M;4261;4193 4240
40616;Sandl;40616;;4251;4263
40617;St. Leonhard bei Freistadt;40617;M;4294;4272 4293
40618;St. Oswald bei Freistadt;40618;M;4271;4251 4294
40619;Schönau im Mühlkreis;40619;;4274;4293 4294
40620;Tragwein;40620;M;4284;4230 4293 4311
40621;Unterweißenbach;40621;M;4273;
40622;Unterweitersdorf;40622;;4210;4212
40623;Waldburg;40623;;4240;4193
40624;Wartberg ob der Aist;40624;M;4224;
40625;Weitersfelden;40625;M;4272;
40626;Windhaag bei Freistadt;40626;M;4263;
40627;Bad Zell;40627;M;4283;4274 4293
40701;Altmünster;40701;M;4813;4801 4810 4812 4814
40702;Bad Goisern am Hallstättersee;40702;M;4822;
40703;Bad Ischl;40703;ST;4820;4821 5351
40704;Ebensee;40704;M;4802;
40705;Gmunden;40705;ST;4810;
40706;Gosau;40706;;4824;4825
40707;Grünau im Almtal;40707;;4645;4644
40708;Gschwandt;40708;;4816;4664 4810 4817
40709;Hallstatt;40709;M;4830;4823
40710;Kirchham;40710;;4656;4817
40711;Laakirchen;40711;ST;4663;4656 4662 4664 4816
40712;Obertraun;40712;;4831;8972
40713;Ohlsdorf;40713;;4694;4812
40714;Pinsdorf;40714;;4812;4810 4845
40715;Roitham;40715;;4661;4655
40716;St. Konrad;40716;;4817;4644
40717;St. Wolfgang im Salzkammergut;40717;M;5360;
40718;Traunkirchen;40718;;4801;
40719;Scharnstein;40719;M;4644;4645 4817
40720;Vorchdorf;40720;M;4655;
40801;Aistersheim;40801;;4676;
40802;Bad Schallerbach;40802;M;4701;
40803;Bruck-Waasen;40803;;4722;
40804;Eschenau im Hausruckkreis;40804;;4724;4084 4085 4730
40805;Gallspach;40805;M;4713;
40806;Gaspoltshofen;40806;M;4673;4674 4676 4682 4692 4714 4902
40807;Geboltskirchen;40807;;4682;
40808;Grieskirchen;40808;ST;4710;4713
40809;Haag am Hausruck;40809;M;4680;
40810;Heiligenberg;40810;;4733;
40811;Hofkirchen an der Trattnach;40811;M;4716;4741
40812;Kallham;40812;;4720;
40813;Kematen am Innbach;40813;M;4633;4632 4713
40814;Meggenhofen;40814;;4714;4625 4672
40815;Michaelnbach;40815;;4712;4720
40816;Natternbach;40816;M;4723;4762
40817;Neukirchen am Walde;40817;M;4724;4722 4723
40818;Neumarkt im Hausruckkreis;40818;M;4720;
40819;Peuerbach;40819;ST;4722;
40820;Pötting;40820;;4720;
40821;Pollham;40821;;4710;4732
40822;Pram;40822;M;4742;
40823;Rottenbach;40823;;4681;4741
40824;St. Agatha;40824;;4084;4083 4730
40825;St. Georgen bei Grieskirchen;40825;;4710;4713 4715
40826;St. Thomas;40826;;4732;
40827;Schlüßlberg;40827;M;4707;4632
40828;Steegen;40828;;4722;
40829;Taufkirchen an der Trattnach;40829;M;4715;
40830;Tollet;40830;;4710;4712 4715
40831;Waizenkirchen;40831;M;4730;4712 4731
40832;Wallern an der Trattnach;40832;M;4702;4611 4631 4701
40833;Weibern;40833;;4675;4680
40834;Wendling;40834;;4741;4720
40901;Edlbach;40901;;4580;4581 4582
40902;Grünburg;40902;;4594;4592 4593
40903;Hinterstoder;40903;;4573;4572 4574
40904;Inzersdorf im Kremstal;40904;;4565;
40905;Kirchdorf an der Krems;40905;ST;4560;4563
40906;Klaus an der Pyhrnbahn;40906;;4564;4571 4572
40907;Kremsmünster;40907;M;4550;4532 4540 4621
40908;Micheldorf in Oberösterreich;40908;M;4563;
40909;Molln;40909;M;4591;
40910;Nußbach;40910;;4542;
40911;Oberschlierbach;40911;;4554;
40912;Pettenbach;40912;M;4643;
40913;Ried im Traunkreis;40913;;4551;4643
40914;Rosenau am Hengstpaß;40914;;4581;4580 4591
40915;Roßleithen;40915;;4575;
40916;St. Pankraz;40916;;4572;
40917;Schlierbach;40917;;4553;
40918;Spital am Pyhrn;40918;;4582;
40919;Steinbach am Ziehberg;40919;;4562;4643
40920;Steinbach an der Steyr;40920;;4596;4421
40921;Vorderstoder;40921;;4574;4573 4575
40922;Wartberg an der Krems;40922;M;4552;
40923;Windischgarsten;40923;M;4580;
41001;Allhaming;41001;;4511;4501 4622
41002;Ansfelden;41002;ST;4053;4052
41003;Asten;41003;M;4481;
41004;Eggendorf im Traunkreis;41004;;4622;4616
41005;Enns;41005;ST;4470;
41006;Hargelsberg;41006;;4483;
41007;Hörsching;41007;M;4063;
41008;Hofkirchen im Traunkreis;41008;;4492;4491
41009;Kematen an der Krems;41009;;4531;4532 4550
41010;Kirchberg-Thening;41010;;4062;
41011;Kronstorf;41011;M;4484;4470 4483
41012;Leonding;41012;ST;4060;4020 4061
41013;St. Florian;41013;M;4490;
41014;Neuhofen an der Krems;41014;M;4501;4053 4511 4531
41015;Niederneukirchen;41015;;4491;
41016;Oftering;41016;;4064;
41017;Pasching;41017;;4061;
41018;Piberbach;41018;;4533;
41019;Pucking;41019;M;4055;
41020;St. Marien;41020;;4502;4491 4521
41021;Traun;41021;ST;4050;4063
41022;Wilhering;41022;M;4073;4060 4061
41101;Allerheiligen im Mühlkreis;41101;;4320;4284
41102;Arbing;41102;;4341;4323 4342
41103;Baumgartenberg;41103;M;4342;4341 4351
41104;Dimbach;41104;M;4371;
41105;Grein;41105;ST;4360;4381
41106;Katsdorf;41106;;4223;4224 4312
41107;Klam;41107;M;4352;
41108;Bad Kreuzen;41108;M;4362;4323 4352 4360 4363
41109;Langenstein;41109;;4222;4310 4312
41110;Luftenberg an der Donau;41110;M;4225;4481
41111;Mauthausen;41111;M;4310;4312
41112;Mitterkirchen im Machland;41112;M;4343;
41113;Münzbach;41113;M;4323;4342 4352
41114;Naarn im Machlande;41114;M;4331;4311 4320 4332
41115;Pabneukirchen;41115;M;4363;4281 4362 4371 4372
41116;Perg;41116;ST;4320;
41117;Rechberg;41117;;4324;
41118;Ried in der Riedmark;41118;M;4312;4311
41119;St. Georgen am Walde;41119;M;4372;4371
41120;St. Georgen an der Gusen;41120;M;4222;4223
41121;St. Nikola an der Donau;41121;M;4381;4382
41122;St. Thomas am Blasenstein;41122;M;4364;4282 4322 4362 4363
41123;Saxen;41123;M;4351;4352
41124;Schwertberg;41124;M;4311;4312
41125;Waldhausen im Strudengau;41125;M;4391;4360 4382 4392
41126;Windhaag bei Perg;41126;;4322;4320 4323
41201;Andrichsfurt;41201;;4754;4971 4972
41202;Antiesenhofen;41202;;4980;
41203;Aurolzmünster;41203;M;4971;4910 4972 4973
41204;Eberschwang;41204;M;4906;
41205;Eitzing;41205;;4970;
41206;Geiersberg;41206;;4922;4680
41207;Geinberg;41207;;4943;4951
41208;Gurten;41208;;4942;4943
41209;Hohenzell;41209;;4921;
41210;Kirchdorf am Inn;41210;;4982;4943
41211;Kirchheim im Innkreis;41211;;4932;
41212;Lambrechten;41212;;4772;4752 4753 4974
41213;Lohnsburg am Kobernaußerwald;41213;M;4923;
41214;Mehrnbach;41214;;4941;4910 4971
41215;Mettmach;41215;M;4931;
41216;Mörschwang;41216;;4982;4973 4984
41217;Mühlheim am Inn;41217;;4961;
41218;Neuhofen im Innkreis;41218;;4912;
41219;Obernberg am Inn;41219;M;4982;
41220;Ort im Innkreis;41220;;4974;
41221;Pattigham;41221;;4910;4925
41222;Peterskirchen;41222;;4743;4754
41223;Pramet;41223;;4925;
41224;Reichersberg;41224;M;4981;4973 4974 4980
41225;Ried im Innkreis;41225;ST;4910;4941
41226;St. Georgen bei Obernberg am Inn;41226;;4983;4943
41227;St. Marienkirchen am Hausruck;41227;;4926;
41228;St. Martin im Innkreis;41228;M;4973;
41229;Schildorn;41229;;4920;
41230;Senftenbach;41230;;4973;
41231;Taiskirchen im Innkreis;41231;M;4753;4751
41232;Tumeltsham;41232;;4911;
41233;Utzenaich;41233;;4972;4754 4772 4971 4973
41234;Waldzell;41234;;4924;
41235;Weilbach;41235;;4984;
41236;Wippenham;41236;;4942;
41301;Afiesl;41301;;4184;4170
41302;Ahorn;41302;;4184;4182 4183
41303;Aigen im Mühlkreis;41303;M;4160;4161
41304;Altenfelden;41304;M;4121;4120
41305;Arnreit;41305;;4122;4121
41306;Atzesberg;41306;;4152;4134
41307;Auberg;41307;;4171;4170
41308;Berg bei Rohrbach;41308;;4150;4170
41309;Haslach an der Mühl;41309;M;4170;
41310;Helfenberg;41310;;4184;
41311;Hörbich;41311;;4132;4121 4134 4152
41312;Hofkirchen im Mühlkreis;41312;M;4142;4085 4133
41313;Julbach;41313;;4162;4153 4155
41314;Kirchberg ob der Donau;41314;;4131;4114
41315;Klaffer am Hochficht;41315;;4163;4161 4164
41316;Kleinzell im Mühlkreis;41316;;4115;4114 4120
41317;Kollerschlag;41317;M;4154;4152
41318;Lembach im Mühlkreis;41318;M;4132;4131
41319;Lichtenau im Mühlkreis;41319;;4170;
41320;Nebelberg;41320;;4155;
41321;Neufelden;41321;M;4120;4121
41322;Niederkappel;41322;;4133;4131 4132
41323;Niederwaldkirchen;41323;M;4174;4113 4120 4172 4173 4175
41324;Oberkappel;41324;M;4144;4152 4154
41325;Oepping;41325;;4151;
41326;Peilstein im Mühlviertel;41326;M;4153;4162
41327;Pfarrkirchen im Mühlkreis;41327;;4141;4085 4142 4144
41328;Putzleinsdorf;41328;M;4134;4132 4133 4141
41329;Neustift im Mühlkreis;41329;;4143;4085 4144
41330;Rohrbach in Oberösterreich;41330;ST;4150;
41331;St. Johann am Wimberg;41331;;4172;4184
41332;St. Martin im Mühlkreis;41332;M;4113;4114
41333;St. Oswald bei Haslach;41333;;4170;
41334;St. Peter am Wimberg;41334;M;4171;4170 4184
41335;St. Stefan am Walde;41335;;4170;4171 4184
41336;St. Ulrich im Mühlkreis;41336;;4116;
41337;St. Veit im Mühlkreis;41337;;4173;4172 4174 4175
41338;Sarleinsbach;41338;M;4152;4150
41339;Schlägl;41339;;4160;
41340;Schönegg;41340;;4184;4191
41341;Schwarzenberg am Böhmerwald;41341;;4164;4161 4163
41342;Ulrichsberg;41342;M;4161;4160 4162 4163
41401;Altschwendt;41401;;4721;4755
41402;Andorf;41402;M;4770;4772
41403;Brunnenthal;41403;;4786;
41404;Diersbach;41404;;4776;
41405;Dorf an der Pram;41405;;4751;
41406;Eggerding;41406;;4773;4775 4980
41407;Engelhartszell;41407;M;4090;4725
41408;Enzenkirchen;41408;;4761;4762 4771 4794
41409;Esternberg;41409;;4092;
41410;Freinberg;41410;;4785;4784
41411;Kopfing im Innkreis;41411;M;4794;4723 4725 4793
41412;Mayrhof;41412;;4777;
41413;Münzkirchen;41413;M;4792;
41414;Raab;41414;M;4760;
41415;Rainbach im Innkreis;41415;;4791;4775 4776
41416;Riedau;41416;M;4752;4751
41417;St. Aegidi;41417;;4725;4794
41418;St. Florian am Inn;41418;M;4782;
41419;St. Marienkirchen bei Schärding;41419;;4774;4773
41420;St. Roman;41420;;4793;4091 4725 4792
41421;St. Willibald;41421;;4762;4760
41422;Schärding;41422;ST;4780;
41423;Schardenberg;41423;M;4784;4783 4785 4791 4792
41424;Sigharting;41424;;4771;
41425;Suben;41425;;4975;
41426;Taufkirchen an der Pram;41426;M;4775;4774 4791
41427;Vichtenstein;41427;;4091;
41428;Waldkirchen am Wesen;41428;;4085;4724
41429;Wernstein am Inn;41429;;4783;4784
41430;Zell an der Pram;41430;;4755;
41501;Adlwang;41501;;4541;
41502;Aschach an der Steyr;41502;;4421;4523 4594
41503;Bad Hall;41503;ST;4540;4522
41504;Dietach;41504;;4407;4484
41505;Gaflenz;41505;M;3334;3335
41506;Garsten;41506;M;4451;4400 4461 4523
41507;Großraming;41507;;4463;4443
41508;Laussa;41508;;4461;4460 4463
41509;Losenstein;41509;;4460;
41510;Maria Neustift;41510;;4443;4442 4463
41511;Pfarrkirchen bei Bad Hall;41511;;4540;4552
41512;Reichraming;41512;;4462;
41513;Rohr im Kremstal;41513;;4532;4531 4540 4550
41514;St. Ulrich bei Steyr;41514;;4400;4442 4443 4451
41515;Schiedlberg;41515;;4521;4493 4522
41516;Sierning;41516;M;4522;4523 4531
41517;Ternberg;41517;M;4452;4451 4453 4596
41518;Waldneukirchen;41518;;4595;
41521;Wolfern;41521;M;4493;
41522;Weyer;41522;M;3335;4464 8934
41601;Alberndorf in der Riedmark;41601;;4211;4202 4210
41602;Altenberg bei Linz;41602;M;4203;4040 4202 4210
41603;Bad Leonfelden;41603;ST;4190;
41604;Eidenberg;41604;;4201;4202
41605;Engerwitzdorf;41605;;4209;4222
41606;Feldkirchen an der Donau;41606;M;4101;4113
41607;Gallneukirchen;41607;ST;4210;
41608;Goldwörth;41608;;4102;
41609;Gramastetten;41609;M;4201;4040 4100 4111 4112
41610;Haibach im Mühlkreis;41610;;4204;
41611;Hellmonsödt;41611;M;4202;
41612;Herzogsdorf;41612;M;4175;4101 4181
41613;Kirchschlag bei Linz;41613;;4202;4040 4201
41614;Lichtenberg;41614;;4040;4201
41615;Oberneukirchen;41615;M;4181;4182 4183
41616;Ottenschlag im Mühlkreis;41616;;4204;
41617;Ottensheim;41617;M;4100;
41618;Puchenau;41618;;4048;
41619;Reichenau im Mühlkreis;41619;M;4204;4180
41620;Reichenthal;41620;M;4193;4240
41621;St. Gotthard im Mühlkreis;41621;;4112;
41622;Schenkenfelden;41622;M;4192;
41623;Sonnberg im Mühlkreis;41623;;4180;4202
41624;Steyregg;41624;ST;4221;4040
41625;Vorderweißenbach;41625;M;4191;4183 4184 4190
41626;Walding;41626;M;4111;
41627;Zwettl an der Rodl;41627;M;4180;4181 4201
41701;Ampflwang im Hausruckwald;41701;M;4843;
41702;Attersee am Attersee;41702;;4864;
41703;Attnang-Puchheim;41703;ST;4800;
41704;Atzbach;41704;;4904;
41705;Aurach am Hongar;41705;;4861;4814 4844
41706;Berg im Attergau;41706;;4880;4863
41707;Desselbrunn;41707;;4693;4800
41708;Fornach;41708;;4892;4890
41709;Frankenburg am Hausruck;41709;M;4873;4871
41710;Frankenmarkt;41710;M;4890;4891
41711;Gampern;41711;;4851;4871
41712;Innerschwand am Mondsee;41712;;5310;4866 5311
41713;Lenzing;41713;M;4860;
41714;Manning;41714;;4903;
41715;Mondsee;41715;M;5310;
41716;Neukirchen an der Vöckla;41716;;4872;4850 4871 4873
41717;Niederthalheim;41717;;4692;4690 4691 4902
41718;Nußdorf am Attersee;41718;;4865;
41719;Oberhofen am Irrsee;41719;;4894;4893
41720;Oberndorf bei Schwanenstadt;41720;;4690;
41721;Oberwang;41721;;4882;
41722;Ottnang am Hausruck;41722;M;4901;
41723;Pfaffing;41723;;4870;4871 4892
41724;Pilsbach;41724;;4840;4800 4841
41725;Pitzenberg;41725;;4690;
41726;Pöndorf;41726;;4891;5212
41727;Puchkirchen am Trattberg;41727;;4849;
41728;Pühret;41728;;4690;4800 4846
41729;Redleiten;41729;;4873;
41730;Redlham;41730;;4846;
41731;Regau;41731;M;4844;4800 4812 4845 4860
41732;Rüstorf;41732;;4690;4693
41733;Rutzenham;41733;;4690;
41734;St. Georgen im Attergau;41734;M;4880;
41735;St. Lorenz;41735;;5310;
41736;Schlatt;41736;;4690;4691
41737;Schörfling am Attersee;41737;M;4861;
41738;Schwanenstadt;41738;ST;4690;
41739;Seewalchen am Attersee;41739;M;4863;4851 4880
41740;Steinbach am Attersee;41740;;4853;
41741;Straß im Attergau;41741;;4881;
41742;Tiefgraben;41742;;5310;4893
41743;Timelkam;41743;M;4850;4841 4860
41744;Ungenach;41744;;4841;4850
41745;Unterach am Attersee;41745;;4866;
41746;Vöcklabruck;41746;ST;4840;4841 4850
41747;Vöcklamarkt;41747;M;4870;4871 4890
41748;Weißenkirchen im Attergau;41748;;4890;5204
41749;Weyregg am Attersee;41749;;4852;4861
41750;Wolfsegg am Hausruck;41750;M;4902;4904
41751;Zell am Moos;41751;;4893;
41752;Zell am Pettenfirst;41752;;4842;
41801;Aichkirchen;41801;;4671;
41802;Bachmanning;41802;;4672;
41803;Bad Wimsbach-Neydharting;41803;M;4654;
41804;Buchkirchen;41804;M;4611;4612 4613 4631
41805;Eberstalzell;41805;;4653;
41806;Edt bei Lambach;41806;;4650;
41807;Fischlham;41807;;4652;4641
41808;Gunskirchen;41808;M;4623;4600 4650
41809;Holzhausen;41809;;4615;
41810;Krenglbach;41810;;4631;4702
41811;Lambach;41811;M;4650;
41812;Marchtrenk;41812;ST;4614;
41813;Neukirchen bei Lambach;41813;;4671;
41814;Offenhausen;41814;M;4625;4624 4714
41815;Pennewang;41815;;4624;4625 4672
41816;Pichl bei Wels;41816;M;4632;4631 4633 4701 4702
41817;Sattledt;41817;M;4642;
41818;Schleißheim;41818;;4600;
41819;Sipbachzell;41819;;4621;
41820;Stadl-Paura;41820;M;4651;
41821;Steinerkirchen an der Traun;41821;M;4652;4655
41822;Steinhaus;41822;;4641;
41823;Thalheim bei Wels;41823;M;4600;
41824;Weißkirchen an der Traun;41824;;4616;
50101;Salzburg;50101;SS;5020;5023 5026 5061 5071 5081 5082
50201;Abtenau;50201;M;5441;5442 5524
50202;Adnet;50202;;5421;5323 5424
50203;Annaberg-Lungötz;50203;;5524;5523
50204;Golling an der Salzach;50204;M;5440;
50205;Hallein;50205;ST;5400;5083 5422
50206;Krispl;50206;;5425;
50207;Kuchl;50207;M;5431;5424
50208;Oberalm;50208;M;5411;5400
50209;Puch bei Hallein;50209;;5412;5061 5411
50210;Rußbach am Paß Gschütt;50210;;5442;
50211;Sankt Koloman;50211;;5423;
50212;Scheffau am Tennengebirge;50212;;5440;5441
50213;Bad Vigaun;50213;;5424;
50301;Anif;50301;;5081;
50302;Anthering;50302;;5102;
50303;Bergheim;50303;;5101;
50304;Berndorf bei Salzburg;50304;;5165;
50305;Bürmoos;50305;;5111;
50306;Dorfbeuern;50306;;5152;
50307;Ebenau;50307;;5323;
50308;Elixhausen;50308;;5161;
50309;Elsbethen;50309;;5061;5026 5412
50310;Eugendorf;50310;M;5301;5302
50311;Faistenau;50311;;5324;
50312;Fuschl am See;50312;;5330;
50313;Göming;50313;;5114;
50314;Grödig;50314;M;5082;5083
50315;Großgmain;50315;;5084;
50316;Hallwang;50316;;5300;
50317;Henndorf am Wallersee;50317;;5302;
50318;Hintersee;50318;;5324;
50319;Hof bei Salzburg;50319;;5322;
50320;Köstendorf;50320;;5203;
50321;Koppl;50321;;5321;5023
50322;Lamprechtshausen;50322;;5112;5110
50323;Mattsee;50323;M;5163;
50324;Neumarkt am Wallersee;50324;ST;5202;
50325;Nußdorf am Haunsberg;50325;;5151;5162 5165
50326;Oberndorf bei Salzburg;50326;ST;5110;
50327;Obertrum am See;50327;M;5162;
50328;Plainfeld;50328;;5325;
50329;Sankt Georgen bei Salzburg;50329;;5113;
50330;Sankt Gilgen;50330;;5340;4854 4866 5310 5342 5360
50331;Schleedorf;50331;;5205;
50332;Seeham;50332;;5164;
50335;Straßwalchen;50335;M;5204;
50336;Strobl;50336;;5350;5342 5351
50337;Thalgau;50337;M;5303;
50338;Wals-Siezenheim;50338;;5071;
50339;Seekirchen am Wallersee;50339;ST;5201;5162
50401;Altenmarkt im Pongau;50401;M;5541;
50402;Bad Hofgastein;50402;M;5630;
50403;Bad Gastein;50403;;5640;5645
50404;Bischofshofen;50404;ST;5500;
50405;Dorfgastein;50405;;5632;
50406;Eben im Pongau;50406;;5531;
50407;Filzmoos;50407;;5532;
50408;Flachau;50408;;5542;
50409;Forstau;50409;;5552;
50410;Goldegg;50410;;5622;5620 5621 5651
50411;Großarl;50411;M;5611;
50412;Hüttau;50412;;5511;5521
50413;Hüttschlag;50413;;5612;
50414;Kleinarl;50414;;5603;
50415;Mühlbach am Hochkönig;50415;;5505;
50416;Pfarrwerfen;50416;;5452;5450 5500
50417;Radstadt;50417;ST;5550;8974
50418;Sankt Johann im Pongau;50418;ST;5600;5602
50419;Sankt Martin am Tennengebirge;50419;;5522;5523
50420;Sankt Veit im Pongau;50420;M;5621;
50421;Schwarzach im Pongau;50421;M;5620;5622
50422;Untertauern;50422;;5561;5562
50423;Wagrain;50423;M;5602;
50424;Werfen;50424;M;5450;5451 5452 5505
50425;Werfenweng;50425;;5453;
50501;Göriach;50501;;5574;
50502;Lessach;50502;;5575;
50503;Mariapfarr;50503;;5571;
50504;Mauterndorf;50504;M;5570;
50505;Muhr;50505;;5583;
50506;Ramingstein;50506;;5591;8863
50507;Sankt Andrä im Lungau;50507;;5572;
50508;Sankt Margarethen im Lungau;50508;;5581;
50509;Sankt Michael im Lungau;50509;M;5582;
50510;Tamsweg;50510;M;5580;
50511;Thomatal;50511;;5592;
50512;Tweng;50512;;5563;5562
50513;Unternberg;50513;;5585;
50514;Weißpriach;50514;;5573;
50515;Zederhaus;50515;;5584;
50601;Bramberg am Wildkogel;50601;;5733;5731 5732 5741
50602;Bruck an der Großglocknerstraße;50602;;5671;5662
50603;Dienten am Hochkönig;50603;;5652;
50604;Fusch an der Großglocknerstraße;50604;;5672;
50605;Hollersbach im Pinzgau;50605;;5731;
50606;Kaprun;50606;;5710;
50607;Krimml;50607;;5743;
50608;Lend;50608;;5651;5660
50609;Leogang;50609;;5771;5760
50610;Lofer;50610;M;5090;
50611;Maishofen;50611;;5751;
50612;Maria Alm am Steinernen Meer;50612;;5761;
50613;Mittersill;50613;ST;5730;5731
50614;Neukirchen am Großvenediger;50614;M;5741;
50615;Niedernsill;50615;;5722;
50616;Piesendorf;50616;;5721;
50617;Rauris;50617;M;5661;
50618;Saalbach-Hinterglemm;50618;;5753;5754
50619;Saalfelden am Steinernen Meer;50619;ST;5760;
50620;Sankt Martin bei Lofer;50620;;5092;
50621;Stuhlfelden;50621;;5724;
50622;Taxenbach;50622;M;5660;5651 5662
50623;Unken;50623;;5091;
50624;Uttendorf;50624;;5723;
50625;Viehhofen;50625;;5752;
50626;Wald im Pinzgau;50626;;5742;
50627;Weißbach bei Lofer;50627;;5093;
50628;Zell am See;50628;ST;5700;
60101;Graz;60101;SS;8010;8020 8036 8041 8042 8043 8044 8045 8046 8047 8051 8052 8053 8054 8055 8073 8074
60305;Frauental an der Laßnitz;60305;M;8523;8530
60318;Lannach;60318;M;8502;8503 8511
60323;Pölfing-Brunn;60323;M;8544;8551
60324;Preding;60324;M;8504;8503
60326;Sankt Josef (Weststeiermark);60326;;8503;8143
60329;Sankt Peter im Sulmtal;60329;;8542;8541
60341;Wettmannstätten;60341;M;8521;8444 8504
60344;Deutschlandsberg;60344;ST;8530;8510 8523 8524
60345;Eibiswald;60345;M;8552;8455 8551 8553 8554
60346;Groß Sankt Florian;60346;M;8522;8444 8521
60347;Sankt Martin im Sulmtal;60347;;8543;8443 8522 8542 8544 8551
60348;Sankt Stefan ob Stainz;60348;;8511;8510 8562 8563
60349;Schwanberg;60349;M;8541;8530 8542
60350;Stainz;60350;M;8510;8503 8504 8511 8522 8524
60351;Wies;60351;M;8551;8541 8542 8552 8553
60608;Feldkirchen bei Graz;60608;M;8073;8401
60611;Gössendorf;60611;M;8077;
60613;Gratkorn;60613;M;8101;8046 8102 8114
60617;Hart bei Graz;60617;;8075;8047 8301
60618;Haselsdorf-Tobelbad;60618;;8144;8151
60619;Hausmannstätten;60619;M;8071;
60623;Kainbach bei Graz;60623;;8010;8044 8047 8063 8301
60624;Kalsdorf bei Graz;60624;M;8401;
60626;Kumberg;60626;M;8062;8044 8061 8063 8160 8181
60628;Laßnitzhöhe;60628;M;8301;8075 8302
60629;Lieboch;60629;M;8501;8144
60632;Peggau;60632;M;8120;8114 8130
60639;Sankt Bartholomä;60639;;8113;8151
60641;Sankt Oswald bei Plankenwarth;60641;;8113;8111 8112
60642;Sankt Radegund bei Graz;60642;;8061;
60645;Semriach;60645;M;8102;8163
60646;Stattegg;60646;;8046;8045
60647;Stiwoll;60647;;8113;
60648;Thal;60648;M;8051;8052 8113 8151
60651;Übelbach;60651;M;8124;8122 8153
60653;Vasoldsberg;60653;M;8076;8081
60654;Weinitzen;60654;;8044;8045 8061 8062
60655;Werndorf;60655;;8402;
60656;Wundschuh;60656;;8142;
60659;Deutschfeistritz;60659;M;8121;8103 8114 8122 8124
60660;Dobl-Zwaring;60660;M;8143;8141 8142 8410 8411 8503 8504
60661;Eggersdorf bei Graz;60661;M;8063;8010 8044 8062 8200 8301 8302
60662;Fernitz-Mellach;60662;;8072;8410
60663;Frohnleiten;60663;ST;8130;8121 8122 8131
60664;Gratwein-Straßengel;60664;M;8111;8103 8112 8113 8114 8153
60665;Hitzendorf;60665;M;8151;8052 8054 8113 8144 8152 8561
60666;Nestelbach bei Graz;60666;;8302;8063 8200 8301 8323
60667;Raaba-Grambach;60667;M;8074;8071 8302
60668;Sankt Marein bei Graz;60668;M;8323;8081 8082 8302 8322 8324
60669;Seiersberg-Pirka;60669;;8054;8055 8073 8144
60670;Unterpremstätten-Zettling;60670;M;8141;8054 8143 8144 8401
61001;Allerheiligen bei Wildon;61001;;8412;8081 8410 8413
61002;Arnfels;61002;M;8454;
61007;Empersdorf;61007;;8081;8302
61008;Gabersdorf;61008;;8424;
61012;Gralla;61012;;8431;
61013;Großklein;61013;M;8452;8441 8443 8451 8453 8462 8463
61016;Heimschuh;61016;;8451;8430 8452
61017;Hengsberg;61017;;8411;8403 8504
61019;Kitzeck im Sausal;61019;;8442;8441 8451
61020;Lang;61020;;8403;
61021;Lebring-Sankt Margarethen;61021;M;8403;8430
61024;Oberhaag;61024;;8455;8443 8453 8454 8544
61027;Ragnitz;61027;;8413;8403
61030;Sankt Andrä-Höch;61030;;8444;8441 8442 8443 8505 8521 8522
61032;Sankt Johann im Saggautal;61032;;8453;8443 8452 8454 8544
61033;Sankt Nikolai im Sausal;61033;M;8505;8411 8504 8521
61043;Tillmitsch;61043;;8430;8451
61045;Wagna;61045;M;8435;8430
61049;Ehrenhausen an der Weinstraße;61049;M;8461;
61050;Gamlitz;61050;M;8462;8451 8461 8463
61051;Gleinstätten;61051;M;8443;8444 8452
61052;Heiligenkreuz am Waasen;61052;M;8081;8072 8412
61053;Leibnitz;61053;ST;8430;8451 8462
61054;Leutschach an der Weinstraße;61054;M;8463;8452 8453 8454 8462
61055;Sankt Georgen an der Stiefing;61055;M;8413;8410
61056;Sankt Veit in der Südsteiermark;61056;M;8423;8421 8422 8435 8481
61057;Schwarzautal;61057;M;8421;8413 8422
61058;Straß-Spielfeld;61058;M;8472;8423 8461 8471
61059;Wildon;61059;M;8410;8412
61101;Eisenerz;61101;ST;8790;
61105;Kalwang;61105;M;8775;
61106;Kammern im Liesingtal;61106;M;8773;8772 8792 8793
61107;Kraubath an der Mur;61107;M;8714;
61108;Leoben;61108;ST;8700;8712 8792
61109;Mautern in Steiermark;61109;M;8774;
61110;Niklasdorf;61110;M;8712;
61111;Proleb;61111;;8712;
61112;Radmer;61112;;8795;8920
61113;Sankt Michael in Obersteiermark;61113;M;8770;8713
61114;Sankt Peter-Freienstein;61114;M;8792;
61115;Sankt Stefan ob Leoben;61115;;8713;8714
61116;Traboch;61116;;8772;8770 8792
61118;Vordernberg;61118;M;8794;
61119;Wald am Schoberpaß;61119;;8781;
61120;Trofaiach;61120;ST;8793;8794
61203;Aigen im Ennstal;61203;;8943;
61204;Altaussee;61204;;8992;
61205;Altenmarkt bei Sankt Gallen;61205;M;8934;
61206;Ardning;61206;;8904;
61207;Bad Aussee;61207;ST;8990;
61213;Gröbming;61213;M;8962;
61215;Grundlsee;61215;;8993;
61217;Haus;61217;M;8967;8966 8970 8972
61222;Lassing;61222;;8903;8900 8940
61236;Ramsau am Dachstein;61236;;8972;
61243;Selzthal;61243;;8900;8786
61247;Trieben;61247;ST;8784;
61251;Wildalpen;61251;;8924;
61252;Wörschach;61252;;8942;
61253;Admont;61253;M;8911;8912 8913
61254;Aich;61254;;8966;8965 8967
61255;Bad Mitterndorf;61255;M;8983;8982 8984
61256;Gaishorn am See;61256;M;8783;8781 8782
61257;Irdning-Donnersbachtal;61257;M;8952;8953
61258;Landl;61258;;8931;8920 8921 8922 8923
61259;Liezen;61259;ST;8940;8900
61260;Michaelerberg-Pruggern;61260;;8965;8962
61261;Mitterberg-Sankt Martin;61261;;8962;8952 8954 8960 8961
61262;Öblarn;61262;M;8960;
61263;Rottenmann;61263;ST;8786;8784
61264;Sankt Gallen;61264;M;8933;8911 8932 8934
61265;Schladming;61265;ST;8970;8971 8973 8974
61266;Sölk;61266;;8961;8962
61267;Stainach-Pürgg;61267;M;8950;8951 8982
61410;Mühlen;61410;M;8822;8820
61413;Niederwölz;61413;;8831;8811
61425;St. Peter am Kammersberg;61425;M;8843;8832 8842
61428;Schöder;61428;;8844;
61437;Krakau;61437;;8854;
61438;Murau;61438;ST;8850;8813 8842 8852
61439;Neumarkt in der Steiermark;61439;M;8820;8812 8822 9323 9360
61440;Oberwölz;61440;ST;8832;8831
61441;Ranten;61441;;8853;8844
61442;Sankt Georgen am Kreischberg;61442;;8861;8850 8862
61443;Sankt Lambrecht;61443;M;8813;8812
61444;Scheifling;61444;M;8811;8820 8831
61445;Stadl-Predlitz;61445;;8862;8863 8864
61446;Teufenbach-Katsch;61446;;8833;8812 8841 8842 8850
61611;Krottendorf-Gaisfeld;61611;;8564;8152 8563 8570
61612;Ligist;61612;M;8563;8564
61615;Mooskirchen;61615;M;8562;
61618;Rosental an der Kainach;61618;;8582;8570 8580
61621;Sankt Martin am Wöllmißberg;61621;;8580;8563 8570 8583
61624;Stallhofen;61624;M;8152;8113 8151 8570
61625;Voitsberg;61625;ST;8570;8152 8564 8572 8582
61626;Bärnbach;61626;ST;8572;8570 8580 8582 8593
61627;Edelschrott;61627;M;8583;8580
61628;Geistthal-Södingberg;61628;;8152;8113 8153
61629;Hirschegg-Pack;61629;;8584;8583 9451
61630;Kainach bei Voitsberg;61630;;8573;8572 8593
61631;Köflach;61631;ST;8580;8572 8582 8591 8592 8593
61632;Maria Lankowitz;61632;M;8591;8580 8583 8592 8593 8741
61633;Söding-Sankt Johann;61633;;8561;8152 8564 8565
61701;Albersdorf-Prebuch;61701;;8200;8181 8211
61708;Fischbach;61708;;8654;8673
61710;Floing;61710;;8183;8184 8223
61711;Gasen;61711;;8616;
61716;Markt Hartmannsdorf;61716;M;8311;8312
61719;Hofstätten an der Raab;61719;;8200;8261 8311 8321
61727;Ludersdorf-Wilfersdorf;61727;;8200;8063
61728;Miesenbach bei Birkfeld;61728;;8190;
61729;Mitterdorf an der Raab;61729;;8181;8160
61730;Mortantsch;61730;;8160;
61731;Naas;61731;;8160;
61740;Puch bei Weiz;61740;;8182;8183 8212
61741;Ratten;61741;;8673;8672 8674
61743;Rettenegg;61743;;8674;
61744;St. Kathrein am Hauenstein;61744;;8672;8671 8673
61745;Sankt Kathrein am Offenegg;61745;;8171;8160 8163 8172
61746;St. Margarethen an der Raab;61746;M;8321;8311 8322 8323
61748;Sinabelkirchen;61748;M;8261;8200 8211 8262 8311
61750;Strallegg;61750;;8192;8190 8673
61751;Thannhausen;61751;;8160;
61756;Anger;61756;M;8184;8172 8182 8183
61757;Birkfeld;61757;M;8190;8172 8184 8191
61758;Fladnitz an der Teichalm;61758;;8163;8130 8162
61759;Gersdorf an der Feistritz;61759;;8212;8211 8261 8262 8265
61760;Gleisdorf;61760;ST;8200;8261 8302 8321
61761;Gutenberg-Stenzengreith;61761;;8160;8061 8162
61762;Ilztal;61762;;8211;8181 8200 8261
61763;Passail;61763;M;8162;8102 8160 8172
61764;Pischelsdorf am Kulm;61764;M;8212;8182 8222
61765;Sankt Ruprecht an der Raab;61765;M;8181;8160
61766;Weiz;61766;ST;8160;8181
62007;Fohnsdorf;62007;;8753;8720
62008;Gaal;62008;;8731;
62010;Hohentauern;62010;;8785;
62014;Kobenz;62014;M;8723;
62021;Pusterwald;62021;;8764;8763
62026;Sankt Georgen ob Judenburg;62026;;8756;8800
62032;Sankt Peter ob Judenburg;62032;;8755;
62034;Seckau;62034;M;8732;8720 8724
62036;Unzmarkt-Frauenburg;62036;M;8800;
62038;Zeltweg;62038;ST;8740;
62039;Großlobming;62039;;8734;8592 8741
62040;Judenburg;62040;ST;8750;8742
62041;Knittelfeld;62041;ST;8720;8734
62042;Obdach;62042;M;8742;9463
62043;Pöls-Oberkurzheim;62043;M;8761;8753 8754 8762
62044;Pölstal;62044;M;8763;8762 8765
62045;Sankt Marein-Feistritz;62045;;8733;8715
62046;Sankt Margarethen bei Knittelfeld;62046;;8720;8714 8715
62047;Spielberg;62047;ST;8724;8720 8740
62048;Weißkirchen in Steiermark;62048;M;8741;8734 8740 8742 8750
62105;Breitenau am Hochlantsch;62105;M;8614;
62115;Krieglach;62115;M;8670;8662 8671
62116;Langenwang;62116;M;8665;8670 8680 8682
62125;Pernegg an der Mur;62125;;8132;8131 8614
62128;Sankt Lorenzen im Mürztal;62128;M;8642;8605 8625 8644 8652
62131;Spital am Semmering;62131;;8684;2680 8680 8685
62132;Stanz im Mürztal;62132;;8653;
62135;Turnau;62135;M;8625;8624 8636
62138;Aflenz;62138;M;8623;8621 8624
62139;Bruck an der Mur;62139;ST;8600;
62140;Kapfenberg;62140;ST;8605;8600 8641 8642
62141;Kindberg;62141;ST;8650;8643 8644 8652 8653
62142;Mariazell;62142;ST;8630;3294 8632 8634 8635
62143;Mürzzuschlag;62143;ST;8680;8682
62144;Neuberg an der Mürz;62144;M;8692;2651 2654 8691 8693 8694
62145;Sankt Barbara im Mürztal;62145;M;8662;8661 8663 8664
62146;Sankt Marein im Mürztal;62146;M;8641;8600
62147;Thörl;62147;M;8621;8622 8623 8624
62148;Tragöß-Sankt Katharein;62148;;8611;8612
62202;Bad Blumau;62202;;8283;
62205;Buch-St. Magdalena;62205;;8274;8272 8294
62206;Burgau;62206;M;8291;
62209;Ebersdorf;62209;;8273;8272
62211;Friedberg;62211;ST;8240;8243
62214;Greinbach;62214;;8230;8225
62216;Großsteinbach;62216;;8265;8264
62219;Hartberg;62219;ST;8230;
62220;Hartberg Umgebung;62220;;8230;8225 8274
62226;Lafnitz;62226;;8233;8230
62232;Ottendorf an der Rittschein;62232;;8312;8262
62233;Pinggau;62233;M;8243;2872 7421 7423
62235;Pöllauberg;62235;;8225;8250
62242;Sankt Jakob im Walde;62242;;8255;8673 8674
62244;Sankt Johann in der Haide;62244;;8295;8230 8294
62245;Sankt Lorenzen am Wechsel;62245;;8242;8234 8251
62247;Schäffern;62247;;8244;2852 2870 2871 7421 8243
62252;Söchau;62252;;8362;8280
62256;Stubenberg;62256;;8223;8222 8224
62262;Wenigzell;62262;;8254;8253
62264;Bad Waltersdorf;62264;M;8271;8264 8272 8283
62265;Dechantskirchen;62265;;8241;
62266;Feistritztal;62266;;8221;8212 8222 8223 8224 8265
62267;Fürstenfeld;62267;ST;8280;8282 8362
62268;Grafendorf bei Hartberg;62268;M;8232;8225 8230 8233 8234 8250
62269;Großwilfersdorf;62269;;8263;8262 8264 8362
62270;Hartl;62270;;8224;8222 8265 8271 8272 8273
62271;Ilz;62271;M;8262;8261 8265 8311
62272;Kaindorf;62272;M;8224;8225
62273;Loipersdorf bei Fürstenfeld;62273;;8282;8280
62274;Neudau;62274;M;8292;
62275;Pöllau;62275;M;8225;8224 8230
62276;Rohr bei Hartberg;62276;;8294;8274 8293
62277;Rohrbach an der Lafnitz;62277;;8234;8233 8241 8250
62278;Vorau;62278;M;8250;8234 8251 8252 8253 8254
62279;Waldbach-Mönichwald;62279;;8252;8251 8253
62311;Edelsbach bei Feldbach;62311;;8332;8311 8330
62314;Eichkögl;62314;;8322;8311 8332
62326;Halbenrain;62326;M;8492;8355 8484 8493
62330;Jagerberg;62330;M;8091;8083 8421
62332;Kapfenstein;62332;;8353;8344 8350
62335;Klöch;62335;M;8493;8355 8492
62343;Mettersdorf am Saßbach;62343;M;8092;8093 8421
62347;Murfeld;62347;;8473;8423 8471
62368;Tieschen;62368;M;8355;8493
62372;Unterlamm;62372;;8352;8350 8361 8362
62375;Bad Gleichenberg;62375;;8344;8343
62376;Bad Radkersburg;62376;ST;8490;8492
62377;Deutsch Goritz;62377;;8483;8345 8482 8484
62378;Fehring;62378;ST;8350;8313 8330 8333 8352 8353 8361 8362
62379;Feldbach;62379;ST;8330;8332 8333 8334 8344
62380;Gnas;62380;M;8342;8083 8091 8330 8341 8343 8345
62381;Kirchbach in der Steiermark;62381;M;8082;8081 8083
62382;Kirchberg an der Raab;62382;;8324;8082 8322 8323 8332 8341 8082
62383;Mureck;62383;ST;8480;8481 8482
62384;Paldau;62384;M;8341;8324 8342
62385;Pirching am Traubenberg;62385;;8081;
62386;Riegersburg;62386;M;8333;8312 8313 8330 8334 8361
62387;Sankt Anna am Aigen;62387;M;8354;8355
62388;Sankt Peter am Ottersbach;62388;M;8093;8342
62389;Sankt Stefan im Rosental;62389;M;8083;8082 8091 8324 8341 8421
62390;Straden;62390;M;8345;8342 8343 8355 8483 8484
70101;Innsbruck;70101;SS;6020;6080
70201;Arzl im Pitztal;70201;;6471;6460
70202;Haiming;70202;;6425;6430 6433
70203;Imst;70203;ST;6460;
70204;Imsterberg;70204;;6492;
70205;Jerzens;70205;;6474;6473
70206;Karres;70206;;6462;
70207;Karrösten;70207;;6463;6460
70208;Längenfeld;70208;;6444;
70209;Mieming;70209;;6414;
70210;Mils bei Imst;70210;;6493;
70211;Mötz;70211;;6423;
70212;Nassereith;70212;;6465;
70213;Obsteig;70213;;6416;
70214;Oetz;70214;;6433;
70215;Rietz;70215;;6421;
70216;Roppen;70216;;6426;
70217;St. Leonhard im Pitztal;70217;;6481;
70218;Sautens;70218;;6432;
70219;Silz;70219;;6424;6183
70220;Sölden;70220;;6450;6456 6458
70221;Stams;70221;;6422;6182
70222;Tarrenz;70222;;6464;
70223;Umhausen;70223;;6441;
70224;Wenns;70224;;6473;
70301;Absam;70301;;6067;
70302;Aldrans;70302;;6071;6073
70303;Ampass;70303;;6070;
70304;Axams;70304;;6094;
70305;Baumkirchen;70305;;6121;
70306;Birgitz;70306;;6092;
70307;Ellbögen;70307;;6083;
70308;Flaurling;70308;;6403;
70309;Fritzens;70309;;6122;
70310;Fulpmes;70310;;6166;6167
70311;Gnadenwald;70311;;6069;
70312;Götzens;70312;;6091;
70313;Gries am Brenner;70313;;6156;
70314;Gries im Sellrain;70314;;6182;
70315;Grinzens;70315;;6095;
70317;Gschnitz;70317;;6150;
70318;Hatting;70318;;6402;
70319;Inzing;70319;;6401;
70320;Kematen in Tirol;70320;;6175;6176
70322;Kolsass;70322;;6114;
70323;Kolsassberg;70323;;6115;
70325;Lans;70325;;6072;
70326;Leutasch;70326;;6105;6100
70327;Matrei am Brenner;70327;M;6143;
70328;Mieders;70328;;6142;
70329;Mils;70329;;6068;
70330;Mühlbachl;70330;;6143;6150
70331;Mutters;70331;;6162;6020
70332;Natters;70332;;6161;6020 6091
70333;Navis;70333;;6145;
70334;Neustift im Stubaital;70334;;6167;
70335;Oberhofen im Inntal;70335;;6406;
70336;Obernberg am Brenner;70336;;6157;
70337;Oberperfuss;70337;;6173;
70338;Patsch;70338;;6082;
70339;Pettnau;70339;;6408;6170
70340;Pfaffenhofen;70340;;6405;
70341;Pfons;70341;;6143;
70342;Polling in Tirol;70342;;6404;
70343;Ranggen;70343;;6179;
70344;Reith bei Seefeld;70344;;6103;6100
70345;Rinn;70345;;6074;
70346;Rum;70346;M;6063;
70347;St. Sigmund im Sellrain;70347;;6184;
70348;Scharnitz;70348;;6108;
70349;Schmirn;70349;;6154;
70350;Schönberg im Stubaital;70350;;6141;6020
70351;Seefeld in Tirol;70351;;6100;
70352;Sellrain;70352;;6181;
70353;Sistrans;70353;;6073;
70354;Hall in Tirol;70354;ST;6060;
70355;Steinach am Brenner;70355;M;6150;
70356;Telfes im Stubai;70356;;6165;
70357;Telfs;70357;M;6410;6100 6100
70358;Thaur;70358;;6065;6063
70359;Trins;70359;;6152;
70360;Tulfes;70360;;6075;
70361;Unterperfuss;70361;;6178;
70362;Vals;70362;;6154;
70364;Völs;70364;M;6176;
70365;Volders;70365;;6111;
70366;Wattenberg;70366;;6113;
70367;Wattens;70367;M;6112;
70368;Wildermieming;70368;;6413;
70369;Zirl;70369;M;6170;
70401;Aurach bei Kitzbühel;70401;;6371;
70402;Brixen im Thale;70402;;6364;
70403;Fieberbrunn;70403;M;6391;
70404;Going am Wilden Kaiser;70404;;6353;
70405;Hochfilzen;70405;;6395;
70406;Hopfgarten im Brixental;70406;M;6361;6314
70407;Itter;70407;;6305;
70408;Jochberg;70408;;6373;
70409;Kirchberg in Tirol;70409;;6365;
70410;Kirchdorf in Tirol;70410;;6382;6383
70411;Kitzbühel;70411;ST;6370;
70412;Kössen;70412;;6345;6344
70413;Oberndorf in Tirol;70413;;6372;
70414;Reith bei Kitzbühel;70414;;6370;6352 6353 6365
70415;St. Jakob in Haus;70415;;6392;
70416;St. Johann in Tirol;70416;M;6380;
70417;St. Ulrich am Pillersee;70417;;6393;
70418;Schwendt;70418;;6385;
70419;Waidring;70419;;6384;
70420;Westendorf;70420;;6363;
70501;Alpbach;70501;;6236;
70502;Angath;70502;;6321;
70503;Bad Häring;70503;;6323;
70504;Brandenberg;70504;;6234;
70505;Breitenbach am Inn;70505;;6252;
70506;Brixlegg;70506;M;6230;
70508;Ebbs;70508;;6341;6330
70509;Ellmau;70509;;6352;
70510;Erl;70510;;6343;
70511;Kirchbichl;70511;;6322;
70512;Kramsach;70512;;6233;
70513;Kufstein;70513;ST;6330;
70514;Kundl;70514;M;6250;
70515;Langkampfen;70515;;6336;
70516;Mariastein;70516;;6324;
70517;Münster;70517;;6232;
70518;Niederndorf;70518;;6342;
70519;Niederndorferberg;70519;;6346;
70520;Radfeld;70520;;6241;
70521;Rattenberg;70521;ST;6240;
70522;Reith im Alpbachtal;70522;;6235;6260
70523;Rettenschöss;70523;;6347;
70524;Scheffau am Wilden Kaiser;70524;;6351;
70525;Schwoich;70525;;6334;
70526;Söll;70526;;6306;6330 6351
70527;Thiersee;70527;;6335;
70528;Angerberg;70528;;6320;
70529;Walchsee;70529;;6344;
70530;Wildschönau;70530;;6311;6313 6314
70531;Wörgl;70531;ST;6300;
70601;Faggen;70601;;6525;
70602;Fendels;70602;;6528;
70603;Fiss;70603;;6533;
70604;Fließ;70604;;6521;6473 6500
70605;Flirsch;70605;;6572;
70606;Galtür;70606;;6563;
70607;Grins;70607;;6591;6500
70608;Ischgl;70608;;6561;6562
70609;Kappl;70609;;6555;6553
70610;Kaunerberg;70610;;6527;
70611;Kaunertal;70611;;6524;
70612;Kauns;70612;;6522;
70613;Ladis;70613;;6532;
70614;Landeck;70614;ST;6500;
70615;Nauders;70615;;6543;6542
70616;Pettneu am Arlberg;70616;;6574;
70617;Pfunds;70617;;6542;
70618;Pians;70618;;6551;6591
70619;Prutz;70619;;6522;
70620;Ried im Oberinntal;70620;;6531;
70621;St. Anton am Arlberg;70621;;6580;
70622;Schönwies;70622;;6491;
70623;See;70623;;6553;6555
70624;Serfaus;70624;;6534;6541 6542
70625;Spiss;70625;;6544;
70626;Stanz bei Landeck;70626;;6500;
70627;Strengen;70627;;6571;
70628;Tobadill;70628;;6552;6553
70629;Tösens;70629;;6541;
70630;Zams;70630;;6511;6653
70701;Abfaltersbach;70701;;9913;
70702;Ainet;70702;;9951;
70703;Amlach;70703;;9908;
70704;Anras;70704;;9912;
70705;Assling;70705;;9911;
70706;Außervillgraten;70706;;9931;
70707;Dölsach;70707;;9991;9782
70708;Gaimberg;70708;;9905;
70709;Hopfgarten in Defereggen;70709;;9961;
70710;Innervillgraten;70710;;9932;
70711;Iselsberg-Stronach;70711;;9992;
70712;Kals am Großglockner;70712;;9981;
70713;Kartitsch;70713;;9941;
70714;Lavant;70714;;9906;
70715;Leisach;70715;;9909;
70716;Lienz;70716;ST;9900;
70717;Matrei in Osttirol;70717;M;9971;
70718;Nikolsdorf;70718;;9782;
70719;Nußdorf-Debant;70719;M;9990;
70720;Oberlienz;70720;;9903;
70721;Obertilliach;70721;;9942;
70723;Prägraten am Großvenediger;70723;;9974;
70724;St. Jakob in Defereggen;70724;;9963;
70725;St. Johann im Walde;70725;;9952;
70726;St. Veit in Defereggen;70726;;9962;
70727;Schlaiten;70727;;9954;
70728;Sillian;70728;M;9920;
70729;Strassen;70729;;9918;
70731;Thurn;70731;;9904;
70732;Tristach;70732;;9907;
70733;Untertilliach;70733;;9943;
70734;Virgen;70734;;9972;
70735;Heinfels;70735;;9919;
70801;Bach;70801;;6653;6654
70802;Berwang;70802;;6622;6621
70803;Biberwier;70803;;6633;
70804;Bichlbach;70804;;6621;
70805;Breitenwang;70805;;6600;
70806;Ehenbichl;70806;;6600;6671
70807;Ehrwald;70807;;6632;
70808;Elbigenalp;70808;;6652;6653
70809;Elmen;70809;;6644;
70810;Forchach;70810;;6670;
70811;Grän;70811;;6673;
70812;Gramais;70812;;6650;
70813;Häselgehr;70813;;6651;
70814;Heiterwang;70814;;6611;
70815;Hinterhornbach;70815;;6646;
70816;Höfen;70816;;6604;
70817;Holzgau;70817;;6654;
70818;Jungholz;70818;;6691;
70819;Kaisers;70819;;6655;
70820;Lechaschau;70820;;6600;
70821;Lermoos;70821;;6631;
70822;Musau;70822;;6600;
70823;Namlos;70823;;6623;
70824;Nesselwängle;70824;;6672;
70825;Pfafflar;70825;;6647;
70826;Pflach;70826;;6600;
70827;Pinswang;70827;;6600;
70828;Reutte;70828;M;6600;
70829;Schattwald;70829;;6677;
70830;Stanzach;70830;;6642;
70831;Steeg;70831;;6655;6767
70832;Tannheim;70832;;6675;
70833;Vils;70833;ST;6682;
70834;Vorderhornbach;70834;;6645;
70835;Wängle;70835;;6610;
70836;Weißenbach am Lech;70836;;6671;6672
70837;Zöblen;70837;;6677;
70901;Achenkirch;70901;;6215;
70902;Aschau im Zillertal;70902;;6274;
70903;Brandberg;70903;;6290;
70904;Bruck am Ziller;70904;;6260;
70905;Buch in Tirol;70905;;6220;
70907;Eben am Achensee;70907;;6212;6213 6215
70908;Finkenberg;70908;;6292;6295
70909;Fügen;70909;;6263;
70910;Fügenberg;70910;;6264;
70911;Gallzein;70911;;6222;
70912;Gerlos;70912;;6281;
70913;Gerlosberg;70913;;6280;
70914;Hainzenberg;70914;;6278;
70915;Hart im Zillertal;70915;;6265;
70916;Hippach;70916;;6283;
70917;Jenbach;70917;M;6200;
70918;Kaltenbach;70918;;6272;
70920;Mayrhofen;70920;M;6290;6295
70921;Pill;70921;;6136;
70922;Ramsau im Zillertal;70922;;6284;
70923;Ried im Zillertal;70923;;6273;
70924;Rohrberg;70924;;6280;
70925;Schlitters;70925;;6262;6261 6263 6264
70926;Schwaz;70926;ST;6130;
70927;Schwendau;70927;;6283;6290 6292
70928;Stans;70928;;6135;6200
70929;Steinberg am Rofan;70929;;6215;
70930;Strass im Zillertal;70930;;6261;6200
70931;Stumm;70931;;6275;
70932;Stummerberg;70932;;6275;6276
70933;Terfens;70933;;6123;
70934;Tux;70934;;6293;6294
70935;Uderns;70935;;6271;
70936;Vomp;70936;M;6134;6215
70937;Weer;70937;;6116;
70938;Weerberg;70938;;6133;
70939;Wiesing;70939;;6210;
70940;Zell am Ziller;70940;M;6280;6283
70941;Zellberg;70941;;6277;
80101;Bartholomäberg;80101;;6781;
80102;Blons;80102;;6723;
80103;Bludenz;80103;ST;6700;6751
80104;Bludesch;80104;;6719;
80105;Brand;80105;;6708;
80106;Bürs;80106;;6706;
80107;Bürserberg;80107;;6707;
80108;Dalaas;80108;;6752;6764
80109;Fontanella;80109;;6733;6884
80110;Gaschurn;80110;;6793;6794
80111;Innerbraz;80111;;6751;
80112;Klösterle;80112;;6754;6762
80113;Lech;80113;;6764;6763
80114;Lorüns;80114;;6700;
80115;Ludesch;80115;;6713;
80116;Nenzing;80116;M;6710;6820
80117;Nüziders;80117;;6714;
80118;Raggal;80118;;6741;
80119;St. Anton im Montafon;80119;;6771;
80120;St. Gallenkirch;80120;;6791;6787
80121;St. Gerold;80121;;6722;
80122;Schruns;80122;M;6780;
80123;Silbertal;80123;;6782;
80124;Sonntag;80124;;6731;
80125;Stallehr;80125;;6700;
80126;Thüringen;80126;;6712;
80127;Thüringerberg;80127;;6721;
80128;Tschagguns;80128;;6774;
80129;Vandans;80129;;6773;
80201;Alberschwende;80201;;6861;
80202;Andelsbuch;80202;;6866;
80203;Au;80203;;6883;
80204;Bezau;80204;M;6870;
80205;Bildstein;80205;;6858;
80206;Bizau;80206;;6874;
80207;Bregenz;80207;ST;6900;
80208;Buch;80208;;6960;
80209;Damüls;80209;;6884;
80210;Doren;80210;;6933;
80211;Egg;80211;;6863;
80212;Eichenberg;80212;;6911;
80213;Fußach;80213;;6972;6890 6971 6973
80214;Gaißau;80214;;6974;
80215;Hard;80215;M;6971;
80216;Hittisau;80216;;6952;
80217;Höchst;80217;;6973;
80218;Hörbranz;80218;M;6912;
80219;Hohenweiler;80219;;6914;
80220;Kennelbach;80220;;6921;
80221;Krumbach;80221;;6942;
80222;Langen bei Bregenz;80222;;6932;
80223;Langenegg;80223;;6941;
80224;Lauterach;80224;M;6923;
80225;Lingenau;80225;;6951;
80226;Lochau;80226;;6911;6900
80227;Mellau;80227;;6881;
80228;Mittelberg;80228;;6991;6992 6993
80229;Möggers;80229;;6900;
80230;Reuthe;80230;;6870;
80231;Riefensberg;80231;;6943;
80232;Schnepfau;80232;;6882;
80233;Schoppernau;80233;;6886;
80234;Schröcken;80234;;6888;
80235;Schwarzach;80235;;6858;
80236;Schwarzenberg;80236;;6867;6850
80237;Sibratsgfäll;80237;;6952;
80238;Sulzberg;80238;;6934;
80239;Warth;80239;;6767;
80240;Wolfurt;80240;M;6922;
80301;Dornbirn;80301;ST;6850;
80302;Hohenems;80302;ST;6845;
80303;Lustenau;80303;M;6890;
80401;Altach;80401;;6844;
80402;Düns;80402;;6822;
80403;Dünserberg;80403;;6822;
80404;Feldkirch;80404;ST;6800;
80405;Frastanz;80405;M;6820;
80406;Fraxern;80406;;6833;
80407;Göfis;80407;;6811;
80408;Götzis;80408;M;6840;
80409;Klaus;80409;;6833;
80410;Koblach;80410;;6842;
80411;Laterns;80411;;6830;
80412;Mäder;80412;;6841;
80413;Meiningen;80413;;6812;
80414;Rankweil;80414;M;6830;
80415;Röns;80415;;6822;6824
80416;Röthis;80416;;6832;
80417;Satteins;80417;;6822;
80418;Schlins;80418;;6824;
80419;Schnifis;80419;;6822;
80420;Sulz;80420;;6832;
80421;Übersaxen;80421;;6834;
80422;Viktorsberg;80422;;6836;
80423;Weiler;80423;;6833;
80424;Zwischenwasser;80424;;6835;6830
90001;Wien;90101;SS;1010;
90001;Wien;90201;SS;1020;
90001;Wien;90301;SS;1030;1020 1110
90001;Wien;90401;SS;1040;1010
90001;Wien;90501;SS;1050;
90001;Wien;90601;SS;1060;1040 1070
90001;Wien;90701;SS;1070;1010
90001;Wien;90801;SS;1080;1090
90001;Wien;90901;SS;1090;1010 1180
90001;Wien;91001;SS;1100;1030 1040 1110
90001;Wien;91101;SS;1110;1100
90001;Wien;91201;SS;1120;1130
90001;Wien;91301;SS;1130;1120 1140
90001;Wien;91401;SS;1140;1130 1160
90001;Wien;91501;SS;1150;1140
90001;Wien;91601;SS;1160;
90001;Wien;91701;SS;1170;1180 1190
90001;Wien;91801;SS;1180;1150 1170 1190
90001;Wien;91901;SS;1190;1090 1180 1210
90001;Wien;92001;SS;1200;
90001;Wien;92101;SS;1210;1220
90001;Wien;92201;SS;1220;1210
90001;Wien;92301;SS;1230;

## Quelle: STATISTIK AUSTRIA. erstellt am 26.03.2015 14:02:39
